기간,자치구,합계,주택용,일반용,교육용,산업용,농사용,가로등,심야
2016.01,합계,"4,151,770","1,180,825","2,300,588","162,880","438,094","1,546","34,470","33,366"
2016.01,종로구,"159,629","23,136","115,807","9,108","6,290",3,"1,121","4,165"
2016.01,중구,"221,014","17,044","173,594","5,082","22,752",-,"1,573",968
2016.01,용산구,"123,272","35,366","71,582","5,001","9,018",0,"1,461",845
2016.01,성동구,"169,372","35,563","76,009","7,204","48,693",0,"1,256",648
2016.01,광진구,"144,129","40,845","59,151","7,790","34,134",19,"1,095","1,096"
2016.01,동대문구,"130,374","43,789","60,971","8,328","15,002",2,"1,162","1,120"
2016.01,중랑구,"100,294","45,299","43,168","2,755","7,055",23,"1,160",834
2016.01,성북구,"132,113","53,281","50,057","15,559","8,672",7,"1,495","3,043"
2016.01,강북구,"83,326","35,932","38,677","2,470","4,325",9,646,"1,269"
2016.01,도봉구,"82,043","38,499","32,479","3,177","6,201",24,790,873
2016.01,노원구,"138,369","61,095","56,268","11,631","6,595",10,"1,539","1,231"
2016.01,은평구,"119,180","54,033","44,915","3,593","14,115",11,"1,139","1,375"
2016.01,서대문구,"110,708","37,341","51,866","16,661","2,948",6,957,929
2016.01,마포구,"181,584","49,916","110,366","5,874","12,120",11,"1,677","1,619"
2016.01,양천구,"136,487","55,170","71,651","3,263","4,291",10,"1,443",659
2016.01,강서구,"186,188","65,627","90,933","4,010","22,595",348,"1,681",993
2016.01,구로구,"177,448","50,984","84,072","3,305","36,850",21,"1,235",980
2016.01,금천구,"149,176","26,071","91,193","1,428","29,254",30,721,479
2016.01,영등포구,"232,102","50,753","153,677","2,383","21,547",7,"2,025","1,710"
2016.01,동작구,"112,439","44,281","53,273","7,814","4,811",5,"1,121","1,136"
2016.01,관악구,"150,176","56,550","67,757","18,884","4,294",11,903,"1,777"
2016.01,서초구,"311,922","57,416","192,856","4,773","52,893",312,"2,458","1,216"
2016.01,강남구,"433,535","77,780","313,405","4,470","33,159",139,"2,576","2,006"
2016.01,송파구,"230,421","75,827","130,033","5,295","15,623",199,"1,967","1,476"
2016.01,강동구,"136,466","49,229","66,829","3,021","14,857",340,"1,269",921
2016.02,합계,"4,174,917","1,197,876","2,301,067","167,618","438,642","1,704","32,714","35,297"
2016.02,종로구,"159,209","23,330","114,135","9,409","6,774",4,"1,061","4,497"
2016.02,중구,"214,756","17,222","166,513","4,761","23,708",-,"1,527","1,027"
2016.02,용산구,"125,496","35,938","72,774","5,270","9,253",0,"1,390",872
2016.02,성동구,"168,846","36,669","72,077","6,836","51,351",0,"1,180",733
2016.02,광진구,"144,635","41,285","59,648","7,251","34,234",22,"1,007","1,187"
2016.02,동대문구,"133,963","44,752","63,455","8,136","15,322",1,"1,098","1,198"
2016.02,중랑구,"103,502","46,416","44,544","3,028","7,482",27,"1,119",885
2016.02,성북구,"135,604","54,484","52,157","15,292","9,000",16,"1,414","3,243"
2016.02,강북구,"86,309","36,797","40,209","2,659","4,650",11,607,"1,376"
2016.02,도봉구,"84,392","39,083","33,783","3,551","6,233",28,742,971
2016.02,노원구,"140,727","61,744","57,847","11,789","6,476",11,"1,481","1,377"
2016.02,은평구,"123,409","55,267","47,086","4,055","14,424",10,"1,060","1,508"
2016.02,서대문구,"109,567","37,627","51,815","15,215","3,001",6,905,998
2016.02,마포구,"179,760","50,634","108,842","5,624","11,513",11,"1,578","1,559"
2016.02,양천구,"140,592","55,701","74,823","3,346","4,762",14,"1,396",550
2016.02,강서구,"190,385","67,023","93,578","4,446","22,337",347,"1,603","1,050"
2016.02,구로구,"176,197","51,613","80,768","3,598","37,945",23,"1,194","1,057"
2016.02,금천구,"143,371","26,393","85,122","1,733","28,911",35,689,488
2016.02,영등포구,"229,195","50,814","149,693","2,866","22,071",7,"1,941","1,803"
2016.02,동작구,"113,323","45,314","53,557","7,633","4,671",7,"1,035","1,107"
2016.02,관악구,"156,260","57,962","69,695","21,442","4,405",11,870,"1,874"
2016.02,서초구,"316,806","59,776","195,564","5,198","52,247",350,"2,357","1,313"
2016.02,강남구,"428,905","75,441","315,337","5,033","28,377",150,"2,435","2,132"
2016.02,송파구,"231,494","76,698","129,986","5,971","15,232",236,"1,854","1,518"
2016.02,강동구,"138,215","49,892","68,059","3,477","14,264",376,"1,172",974
2016.03,합계,"3,729,909","1,070,582","2,024,712","146,616","426,965","1,503","29,974","29,557"
2016.03,종로구,"142,049","20,694","101,740","8,164","6,827",3,954,"3,667"
2016.03,중구,"198,408","15,278","154,677","4,204","21,848",-,"1,424",977
2016.03,용산구,"109,418","31,621","62,613","4,566","8,637",0,"1,260",721
2016.03,성동구,"156,037","32,538","54,964","6,465","60,432",0,"1,085",552
2016.03,광진구,"127,063","36,668","50,973","6,792","30,707",19,932,973
2016.03,동대문구,"117,191","39,820","54,324","7,418","13,634",1,"1,005",989
2016.03,중랑구,"90,270","41,192","38,212","2,478","6,606",23,"1,028",732
2016.03,성북구,"119,578","48,369","44,773","13,740","8,730",12,"1,317","2,637"
2016.03,강북구,"74,744","32,632","33,948","2,200","4,269",9,563,"1,123"
2016.03,도봉구,"73,452","34,670","28,594","2,915","5,813",27,671,762
2016.03,노원구,"123,466","55,325","49,223","10,219","6,207",10,"1,390","1,092"
2016.03,은평구,"108,326","49,406","39,800","3,216","13,722",10,992,"1,180"
2016.03,서대문구,"98,901","33,773","45,816","14,801","2,851",5,835,819
2016.03,마포구,"163,517","44,733","98,954","5,294","11,691",11,"1,423","1,411"
2016.03,양천구,"126,005","50,406","66,947","2,717","4,199",10,"1,252",473
2016.03,강서구,"168,635","59,977","80,313","3,478","22,227",386,"1,442",812
2016.03,구로구,"154,687","46,206","70,475","3,125","32,883",19,"1,123",856
2016.03,금천구,"131,140","23,477","78,016","1,438","27,134",30,667,378
2016.03,영등포구,"208,704","45,880","136,474","2,172","20,513",7,"1,794","1,865"
2016.03,동작구,"100,674","40,460","46,882","6,875","4,579",4,963,911
2016.03,관악구,"135,942","51,414","60,520","17,608","4,051",7,814,"1,527"
2016.03,서초구,"283,210","53,439","173,795","4,515","47,955",271,"2,160","1,076"
2016.03,강남구,"381,439","69,674","275,557","4,378","27,566",117,"2,190","1,956"
2016.03,송파구,"214,415","68,626","118,671","4,964","19,002",223,"1,633","1,297"
2016.03,강동구,"122,637","44,302","58,452","2,874","14,882",299,"1,058",770
2016.04,합계,"3,457,927","1,059,936","1,818,748","122,810","401,799","1,346","28,694","24,594"
2016.04,종로구,"128,344","20,092","90,478","7,101","6,748",2,911,"3,010"
2016.04,중구,"182,290","15,019","140,641","3,109","20,500",-,"1,465","1,556"
2016.04,용산구,"100,636","30,955","55,682","3,871","8,355",0,"1,220",553
2016.04,성동구,"145,254","32,198","48,538","5,461","57,688",0,"1,038",332
2016.04,광진구,"119,681","36,387","46,221","5,319","30,026",17,859,853
2016.04,동대문구,"108,451","39,370","48,390","6,259","12,825",1,917,689
2016.04,중랑구,"84,459","40,724","34,135","2,041","6,053",23,941,543
2016.04,성북구,"111,356","48,075","40,252","11,764","8,298",11,"1,207","1,748"
2016.04,강북구,"70,384","32,337","30,652","1,891","4,162",8,519,817
2016.04,도봉구,"69,998","34,581","25,690","2,512","5,985",27,631,572
2016.04,노원구,"116,178","55,197","44,235","8,759","5,934",10,"1,305",737
2016.04,은평구,"102,598","48,883","35,885","2,719","13,376",9,891,834
2016.04,서대문구,"91,594","33,452","41,568","12,341","2,813",4,760,656
2016.04,마포구,"150,898","44,038","88,619","4,230","11,970",11,"1,347",685
2016.04,양천구,"121,383","50,174","62,946","2,673","3,872",8,"1,218",493
2016.04,강서구,"158,645","60,076","71,995","2,919","21,314",411,"1,424",506
2016.04,구로구,"142,847","45,574","62,510","2,398","30,586",13,"1,042",724
2016.04,금천구,"119,248","23,184","69,138","1,059","24,926",24,680,237
2016.04,영등포구,"192,383","44,530","122,796","1,789","19,152",5,"1,673","2,439"
2016.04,동작구,"95,298","40,783","42,958","5,411","4,607",3,887,648
2016.04,관악구,"129,528","51,577","56,207","15,691","4,029",6,889,"1,129"
2016.04,서초구,"260,946","52,328","154,926","3,762","46,608",246,"2,230",846
2016.04,강남구,"338,658","68,167","240,222","3,392","22,795",80,"2,087","1,915"
2016.04,송파구,"202,653","68,451","112,113","4,110","14,660",215,"1,561","1,542"
2016.04,강동구,"114,219","43,782","51,951","2,234","14,521",212,992,527
2016.05,합계,"3,340,823","997,002","1,790,740","105,865","384,312","1,255","26,678","34,970"
2016.05,종로구,"126,840","19,020","90,986","6,484","5,894",4,823,"3,628"
2016.05,중구,"189,720","14,154","148,049","2,958","18,474",-,"1,371","4,713"
2016.05,용산구,"96,988","29,091","54,578","3,508","8,174",0,"1,129",508
2016.05,성동구,"139,011","30,196","46,732","5,358","55,573",0,975,177
2016.05,광진구,"116,976","34,123","45,288","5,602","29,254",15,785,"1,910"
2016.05,동대문구,"101,655","36,828","45,666","5,662","12,030",1,843,625
2016.05,중랑구,"78,407","38,160","32,225","1,376","5,265",23,873,484
2016.05,성북구,"103,956","44,818","37,830","11,066","7,961",13,"1,136","1,131"
2016.05,강북구,"65,083","30,133","28,801","1,427","3,751",7,475,489
2016.05,도봉구,"64,669","32,231","24,141","1,688","5,639",21,570,378
2016.05,노원구,"108,841","51,833","42,624","6,970","5,741",10,"1,230",434
2016.05,은평구,"95,807","45,862","33,489","1,836","13,144",8,829,639
2016.05,서대문구,"90,371","31,603","41,291","13,193","2,711",3,703,867
2016.05,마포구,"149,359","41,442","87,990","4,026","13,876",10,"1,207",808
2016.05,양천구,"114,511","47,379","60,177","1,756","3,405",6,"1,121",668
2016.05,강서구,"149,239","56,358","68,038","2,035","20,749",453,"1,307",298
2016.05,구로구,"139,762","43,037","63,317","1,848","29,258",11,986,"1,305"
2016.05,금천구,"117,599","21,648","70,819",720,"23,368",17,657,369
2016.05,영등포구,"194,150","42,346","125,278","1,241","18,675",4,"1,544","5,061"
2016.05,동작구,"91,774","38,214","42,499","4,865","4,736",3,809,648
2016.05,관악구,"119,238","48,035","53,396","12,443","3,669",6,986,703
2016.05,서초구,"253,137","49,964","149,947","2,912","45,937",203,"2,119","2,055"
2016.05,강남구,"325,237","65,273","234,253","2,477","17,329",55,"1,937","3,914"
2016.05,송파구,"199,745","64,162","113,685","2,860","14,896",228,"1,384","2,530"
2016.05,강동구,"108,747","41,093","49,643","1,552","14,802",151,879,629
2016.06,합계,"3,715,673","1,046,091","2,052,987","129,361","408,942","1,294","24,771","52,227"
2016.06,종로구,"146,705","20,553","105,463","8,280","6,557",4,789,"5,057"
2016.06,중구,"219,515","15,171","170,642","3,637","20,483",-,"1,348","8,234"
2016.06,용산구,"112,611","31,689","65,511","4,464","8,889",1,"1,084",973
2016.06,성동구,"151,921","31,964","53,752","6,340","58,706",0,915,244
2016.06,광진구,"132,573","36,379","53,280","6,890","32,295",12,718,"2,998"
2016.06,동대문구,"113,498","38,783","53,525","6,746","12,965",1,758,720
2016.06,중랑구,"85,785","39,758","37,305","1,731","5,667",26,795,504
2016.06,성북구,"114,702","46,545","43,696","13,598","8,618",9,"1,063","1,174"
2016.06,강북구,"70,798","31,104","33,136","1,743","4,016",8,441,350
2016.06,도봉구,"70,405","33,335","27,962","2,066","6,134",21,534,352
2016.06,노원구,"119,047","53,555","49,431","8,445","5,851",8,"1,148",610
2016.06,은평구,"102,954","46,896","38,342","2,446","13,999",10,758,502
2016.06,서대문구,"100,211","32,908","47,577","15,246","2,851",3,647,979
2016.06,마포구,"166,819","44,894","98,698","4,793","15,802",12,"1,144","1,477"
2016.06,양천구,"122,030","48,934","65,385","2,024","3,534",5,"1,067","1,081"
2016.06,강서구,"162,518","58,545","78,578","2,607","20,787",488,"1,239",274
2016.06,구로구,"148,738","44,657","68,136","2,295","30,810",14,895,"1,933"
2016.06,금천구,"130,229","22,598","79,794",908,"25,530",15,564,820
2016.06,영등포구,"218,307","44,441","143,254","1,558","19,590",3,"1,407","8,053"
2016.06,동작구,"101,761","39,864","49,228","6,125","4,960",2,746,835
2016.06,관악구,"130,717","50,166","61,115","14,440","3,682",4,811,499
2016.06,서초구,"286,038","53,020","173,401","3,874","49,963",205,"1,921","3,653"
2016.06,강남구,"375,514","70,070","277,024","3,520","16,552",55,"1,842","6,451"
2016.06,송파구,"211,902","67,066","120,578","3,536","15,513",228,"1,317","3,665"
2016.06,강동구,"120,377","43,195","58,175","2,050","15,188",159,820,790
2016.07,합계,"4,101,888","1,139,964","2,291,378","142,442","436,262","1,352","24,197","66,294"
2016.07,종로구,"162,006","22,675","116,980","8,759","6,538",3,773,"6,278"
2016.07,중구,"242,790","16,868","189,003","3,828","21,555",-,"1,289","10,248"
2016.07,용산구,"124,926","35,272","73,222","4,946","9,182",1,"1,054","1,250"
2016.07,성동구,"163,815","34,458","59,526","6,890","61,735",0,889,317
2016.07,광진구,"147,669","40,119","59,616","7,346","36,180",11,711,"3,686"
2016.07,동대문구,"124,974","41,842","60,038","7,345","14,130",1,743,875
2016.07,중랑구,"93,919","42,753","41,421","2,105","6,202",28,789,621
2016.07,성북구,"122,769","49,426","48,415","13,713","8,884",9,"1,045","1,277"
2016.07,강북구,"76,765","32,925","36,738","2,065","4,258",8,431,341
2016.07,도봉구,"76,241","35,407","31,084","2,381","6,432",19,520,397
2016.07,노원구,"128,846","56,820","54,564","9,102","6,589",7,"1,106",658
2016.07,은평구,"111,979","49,812","43,135","3,040","14,777",10,676,529
2016.07,서대문구,"110,195","35,937","52,978","16,583","2,903",3,620,"1,171"
2016.07,마포구,"184,809","49,292","109,987","5,117","17,850",12,"1,102","1,448"
2016.07,양천구,"134,938","53,131","72,119","2,705","3,839",5,"1,040","2,097"
2016.07,강서구,"178,781","63,185","87,965","3,161","22,432",552,"1,199",286
2016.07,구로구,"163,165","48,484","77,578","2,561","31,216",13,897,"2,417"
2016.07,금천구,"144,215","24,366","89,401","1,148","27,416",17,640,"1,228"
2016.07,영등포구,"243,731","49,486","160,039","1,918","20,805",3,"1,377","10,101"
2016.07,동작구,"111,133","42,865","54,714","6,415","5,316",2,743,"1,078"
2016.07,관악구,"143,633","54,077","68,209","16,046","4,003",4,807,486
2016.07,서초구,"318,810","60,308","192,900","4,283","54,141",202,"1,891","5,085"
2016.07,강남구,"424,430","80,989","310,757","4,058","18,106",57,"1,785","8,679"
2016.07,송파구,"235,705","72,781","135,897","4,406","16,254",232,"1,266","4,868"
2016.07,강동구,"131,647","46,685","65,094","2,522","15,518",153,804,872
2016.08,합계,"4,852,558","1,509,147","2,616,180","144,688","479,711","1,493","25,681","75,657"
2016.08,종로구,"184,764","28,825","132,062","9,355","6,645",2,810,"7,064"
2016.08,중구,"269,147","22,302","206,462","3,989","23,274",-,"1,297","11,823"
2016.08,용산구,"151,127","48,053","85,232","5,108","10,021",0,"1,119","1,593"
2016.08,성동구,"189,493","46,474","67,825","7,034","66,839",0,923,398
2016.08,광진구,"178,816","54,410","70,180","7,579","41,686",11,750,"4,200"
2016.08,동대문구,"150,956","55,134","69,721","7,636","16,647",1,791,"1,025"
2016.08,중랑구,"115,505","56,421","48,585","1,767","7,386",31,830,484
2016.08,성북구,"148,615","64,684","56,716","15,152","9,593",10,"1,117","1,344"
2016.08,강북구,"94,566","43,094","43,687","1,995","4,947",10,455,380
2016.08,도봉구,"93,132","46,571","36,452","2,254","6,855",21,556,421
2016.08,노원구,"155,596","74,305","63,291","9,252","6,903",7,"1,140",698
2016.08,은평구,"137,288","65,265","51,266","2,592","16,793",12,706,655
2016.08,서대문구,"130,993","47,034","61,397","17,617","3,092",5,667,"1,180"
2016.08,마포구,"218,583","66,423","124,875","5,097","19,015",14,"1,170","1,990"
2016.08,양천구,"163,048","70,206","82,178","2,358","4,318",6,"1,108","2,874"
2016.08,강서구,"215,477","84,744","102,766","2,820","22,960",581,"1,270",336
2016.08,구로구,"193,056","64,240","88,770","2,377","34,054",17,921,"2,678"
2016.08,금천구,"164,676","32,597","99,811",942,"29,216",18,686,"1,407"
2016.08,영등포구,"280,415","64,482","179,020","1,821","22,404",4,"1,457","11,227"
2016.08,동작구,"135,512","57,210","63,983","6,616","5,673",3,785,"1,242"
2016.08,관악구,"175,952","71,238","81,300","17,738","4,330",6,917,423
2016.08,서초구,"373,888","80,325","217,763","3,952","63,226",242,"2,059","6,320"
2016.08,강남구,"494,770","106,624","352,836","3,350","20,468",68,"1,918","9,506"
2016.08,송파구,"279,187","96,646","154,186","4,161","17,122",248,"1,363","5,461"
2016.08,강동구,"157,996","61,840","75,816","2,126","16,242",176,868,929
2016.09,합계,"4,206,131","1,263,482","2,276,331","141,873","443,577","1,455","27,265","52,149"
2016.09,종로구,"157,380","24,281","111,850","8,684","6,874",2,873,"4,816"
2016.09,중구,"228,910","18,089","175,691","3,731","22,329",-,"1,306","7,765"
2016.09,용산구,"129,671","39,162","73,802","5,020","9,640",1,"1,180",867
2016.09,성동구,"171,264","40,849","59,604","6,489","63,039",0,979,304
2016.09,광진구,"151,837","43,995","59,278","6,736","38,080",12,821,"2,915"
2016.09,동대문구,"133,783","47,521","62,235","7,200","15,346",2,841,638
2016.09,중랑구,"101,727","47,778","43,335","2,071","7,098",35,868,543
2016.09,성북구,"131,735","56,431","50,537","13,830","8,787",12,"1,180",959
2016.09,강북구,"84,377","37,773","38,879","2,014","4,857",9,483,362
2016.09,도봉구,"81,330","38,833","32,591","2,406","6,617",22,604,257
2016.09,노원구,"135,509","62,090","55,887","9,195","6,775",7,"1,182",373
2016.09,은평구,"123,254","57,800","45,557","3,026","15,650",12,748,460
2016.09,서대문구,"111,474","39,078","52,436","15,471","2,986",4,717,783
2016.09,마포구,"188,276","55,080","110,309","4,942","15,322",14,"1,282","1,327"
2016.09,양천구,"148,814","60,078","78,347","2,551","4,028",5,"1,168","2,638"
2016.09,강서구,"192,081","72,688","91,901","3,344","21,963",549,"1,366",270
2016.09,구로구,"164,446","53,520","73,973","2,573","31,583",17,957,"1,822"
2016.09,금천구,"139,958","27,472","83,312","1,117","26,206",19,702,"1,130"
2016.09,영등포구,"237,898","52,858","152,926","2,017","20,714",4,"1,570","7,810"
2016.09,동작구,"116,973","48,118","55,562","6,269","5,333",3,847,841
2016.09,관악구,"156,854","60,881","72,789","17,687","4,131",6,938,422
2016.09,서초구,"324,778","63,522","194,074","4,556","56,125",240,"2,175","4,085"
2016.09,강남구,"415,993","82,242","302,549","3,955","19,081",63,"2,024","6,079"
2016.09,송파구,"242,842","83,252","133,287","4,510","16,085",237,"1,502","3,969"
2016.09,강동구,"134,966","50,093","65,620","2,479","14,929",179,951,714
2016.1,합계,"3,436,055","1,004,146","1,866,523","111,179","394,825","1,233","29,592","28,558"
2016.1,종로구,"128,383","19,435","92,625","7,134","5,563",2,926,"2,699"
2016.1,중구,"190,255","14,379","149,234","2,949","18,623",-,"1,310","3,761"
2016.1,용산구,"102,304","29,763","58,259","3,996","8,583",1,"1,273",429
2016.1,성동구,"144,899","31,358","48,492","5,272","58,553",0,"1,072",152
2016.1,광진구,"122,274","34,534","47,554","5,665","32,208",12,917,"1,385"
2016.1,동대문구,"104,802","37,067","48,333","5,810","12,302",1,960,328
2016.1,중랑구,"80,965","38,330","34,133","1,453","5,777",27,988,257
2016.1,성북구,"105,938","44,570","40,015","11,494","7,774",8,"1,306",771
2016.1,강북구,"67,083","29,969","30,636","1,455","4,143",6,540,335
2016.1,도봉구,"65,578","31,863","25,460","1,730","5,636",19,665,205
2016.1,노원구,"111,003","51,095","45,047","7,279","6,023",10,"1,282",267
2016.1,은평구,"98,795","45,539","35,802","2,048","14,113",9,832,451
2016.1,서대문구,"91,844","32,211","42,530","13,126","2,683",3,809,482
2016.1,마포구,"153,800","40,949","94,167","4,071","12,304",12,"1,389",908
2016.1,양천구,"122,216","47,497","66,525","1,977","3,464",4,"1,238","1,510"
2016.1,강서구,"155,605","57,192","72,566","2,288","21,387",473,"1,474",225
2016.1,구로구,"140,815","43,074","65,041","1,923","28,973",16,"1,068",722
2016.1,금천구,"120,566","22,142","72,485",743,"23,741",18,753,684
2016.1,영등포구,"195,469","42,448","127,468","1,434","18,365",3,"1,714","4,037"
2016.1,동작구,"94,957","38,438","45,277","4,985","4,846",3,938,471
2016.1,관악구,"125,137","48,585","57,884","13,674","3,504",5,"1,003",482
2016.1,서초구,"263,667","51,260","156,128","3,247","48,449",198,"2,270","2,115"
2016.1,강남구,"337,465","66,970","244,282","2,681","18,263",53,"2,184","3,032"
2016.1,송파구,"201,660","64,726","114,417","3,139","15,098",211,"1,648","2,421"
2016.1,강동구,"110,575","40,755","52,165","1,606","14,448",139,"1,035",428
2016.11,합계,"3,479,675","1,049,004","1,843,444","128,685","406,289","1,308","31,870","19,074"
2016.11,종로구,"129,821","20,383","92,974","7,414","5,938",3,993,"2,117"
2016.11,중구,"186,136","14,920","145,904","3,867","19,267",-,"1,369",808
2016.11,용산구,"102,391","30,610","57,092","4,167","8,698",2,"1,385",436
2016.11,성동구,"147,998","32,533","49,531","5,835","58,733",0,"1,132",234
2016.11,광진구,"122,421","36,014","46,310","6,542","32,041",15,994,506
2016.11,동대문구,"107,124","38,471","47,693","6,677","12,798",1,"1,026",458
2016.11,중랑구,"83,544","40,323","33,764","1,909","6,076",23,"1,051",398
2016.11,성북구,"110,182","46,655","39,399","13,271","8,021",7,"1,379","1,450"
2016.11,강북구,"68,928","31,571","30,117","1,776","4,294",5,578,588
2016.11,도봉구,"68,870","34,141","25,449","2,172","5,951",22,728,406
2016.11,노원구,"115,747","54,491","44,531","8,742","6,070",11,"1,361",541
2016.11,은평구,"101,428","47,692","35,694","2,523","13,980",10,889,640
2016.11,서대문구,"93,511","33,184","41,663","14,596","2,713",4,864,486
2016.11,마포구,"155,345","43,589","92,742","4,839","11,593",11,"1,515","1,055"
2016.11,양천구,"120,134","49,186","63,535","2,112","3,556",5,"1,334",406
2016.11,강서구,"160,334","60,489","73,046","2,876","21,360",510,"1,619",434
2016.11,구로구,"145,116","45,129","66,011","2,687","29,702",15,"1,105",467
2016.11,금천구,"124,616","23,364","73,873","1,083","25,108",16,809,362
2016.11,영등포구,"193,816","43,727","125,946","1,722","18,738",3,"1,888","1,792"
2016.11,동작구,"96,303","40,060","43,995","6,056","4,595",4,997,596
2016.11,관악구,"127,285","50,568","56,430","14,836","3,545",7,"1,053",845
2016.11,서초구,"261,960","52,527","154,588","3,595","47,886",209,"2,416",739
2016.11,강남구,"346,602","68,091","244,091","3,452","26,690",70,"2,398","1,810"
2016.11,송파구,"197,408","68,010","107,611","3,739","14,910",202,"1,844","1,092"
2016.11,강동구,"112,657","43,274","51,456","2,198","14,026",155,"1,141",407
2016.12,합계,"3,845,908","1,094,401","2,095,365","165,631","429,718","1,386","33,121","26,285"
2016.12,종로구,"146,870","21,579","105,534","8,982","6,428",6,"1,038","3,303"
2016.12,중구,"206,892","15,799","162,905","4,930","21,069",-,"1,372",818
2016.12,용산구,"113,284","32,277","64,996","5,033","8,944",2,"1,420",612
2016.12,성동구,"161,454","33,846","57,206","7,117","61,626",0,"1,199",459
2016.12,광진구,"133,249","37,658","53,047","7,919","32,702",15,"1,067",841
2016.12,동대문구,"118,862","40,289","54,606","8,171","13,918",1,"1,099",778
2016.12,중랑구,"91,864","42,239","38,351","2,898","6,656",21,"1,098",601
2016.12,성북구,"121,394","48,555","44,758","15,906","8,344",8,"1,456","2,368"
2016.12,강북구,"75,614","32,933","34,268","2,463","4,391",7,606,945
2016.12,도봉구,"75,536","35,401","29,319","3,300","6,077",28,745,666
2016.12,노원구,"127,209","56,359","50,866","11,598","6,081",13,"1,417",876
2016.12,은평구,"111,479","49,623","42,288","3,846","13,733",12,940,"1,038"
2016.12,서대문구,"103,172","34,877","46,891","16,931","2,807",5,925,734
2016.12,마포구,"169,973","45,284","104,673","6,054","11,125",11,"1,554","1,273"
2016.12,양천구,"127,985","50,822","68,336","3,201","3,834",7,"1,394",391
2016.12,강서구,"176,777","62,519","84,451","4,208","22,852",385,"1,654",707
2016.12,구로구,"161,623","47,230","75,930","3,712","32,894",17,"1,113",726
2016.12,금천구,"138,331","24,414","83,964","1,711","27,026",23,853,340
2016.12,영등포구,"214,166","46,449","141,141","2,517","20,529",5,"1,922","1,603"
2016.12,동작구,"104,924","41,477","48,780","8,103","4,618",5,"1,023",918
2016.12,관악구,"138,955","52,394","62,028","18,369","3,731",11,"1,166","1,257"
2016.12,서초구,"287,711","55,278","175,148","4,981","48,665",257,"2,490",892
2016.12,강남구,"395,616","71,075","282,918","5,012","32,183",118,"2,473","1,837"
2016.12,송파구,"218,460","70,638","123,689","5,397","14,991",218,"1,904","1,623"
2016.12,강동구,"124,509","45,385","59,272","3,271","14,494",213,"1,195",677
2017.01,합계,"4,139,967","1,171,118","2,283,851","166,765","452,002","1,526","33,995","30,709"
2017.01,종로구,"158,216","23,170","114,480","9,182","6,377",10,"1,088","3,910"
2017.01,중구,"218,351","16,934","171,537","4,983","22,543",-,"1,426",928
2017.01,용산구,"122,250","34,710","70,864","5,108","9,375",3,"1,445",745
2017.01,성동구,"171,450","36,735","63,143","7,138","62,595",0,"1,226",613
2017.01,광진구,"143,420","40,281","58,145","7,541","35,308",19,"1,083","1,043"
2017.01,동대문구,"128,772","43,241","60,319","8,184","14,969",2,"1,119",939
2017.01,중랑구,"100,028","45,170","42,787","2,934","7,252",25,"1,135",725
2017.01,성북구,"131,033","52,290","49,801","16,027","8,656",9,"1,471","2,779"
2017.01,강북구,"82,981","35,590","38,390","2,633","4,573",8,624,"1,163"
2017.01,도봉구,"81,910","37,794","32,890","3,378","6,254",35,755,803
2017.01,노원구,"138,143","60,198","56,437","11,858","7,081",13,"1,471","1,085"
2017.01,은평구,"122,118","53,292","48,508","3,781","14,286",15,960,"1,278"
2017.01,서대문구,"109,879","37,377","51,123","16,650","2,950",6,944,830
2017.01,마포구,"182,147","49,021","113,390","5,879","10,797",11,"1,596","1,452"
2017.01,양천구,"137,714","53,979","74,127","3,530","4,186",9,"1,411",472
2017.01,강서구,"192,404","67,337","93,910","4,211","24,011",359,"1,700",878
2017.01,구로구,"174,796","50,161","82,940","3,513","36,083",21,"1,149",929
2017.01,금천구,"147,275","26,384","89,612","1,590","28,378",29,903,379
2017.01,영등포구,"228,401","49,582","150,862","2,706","21,620",7,"1,965","1,659"
2017.01,동작구,"112,698","44,387","53,556","7,889","4,691",6,"1,044","1,125"
2017.01,관악구,"151,441","56,378","68,536","19,815","3,992",13,"1,170","1,537"
2017.01,서초구,"309,720","58,496","190,590","4,915","51,815",284,"2,541","1,078"
2017.01,강남구,"426,547","74,778","308,298","4,510","34,226",146,"2,528","2,060"
2017.01,송파구,"233,780","75,307","133,652","5,735","15,381",232,"2,002","1,472"
2017.01,강동구,"134,492","48,526","65,953","3,074","14,606",266,"1,240",827
2017.02,합계,"4,166,700","1,181,641","2,303,612","169,245","446,270","1,641","31,964","32,327"
2017.02,종로구,"159,010","23,301","114,071","9,449","6,974",9,"1,004","4,201"
2017.02,중구,"215,074","17,185","167,843","4,907","22,823",-,"1,408",909
2017.02,용산구,"124,094","35,240","71,921","5,223","9,558",3,"1,347",802
2017.02,성동구,"170,917","37,426","63,945","6,847","60,851",0,"1,162",686
2017.02,광진구,"145,100","40,748","59,234","7,448","35,505",20,"1,000","1,144"
2017.02,동대문구,"131,637","43,954","62,159","8,213","15,292",4,"1,016","1,000"
2017.02,중랑구,"102,122","45,903","43,871","3,082","7,431",26,"1,044",765
2017.02,성북구,"133,686","53,330","51,633","15,560","8,825",9,"1,370","2,960"
2017.02,강북구,"85,436","36,486","39,640","2,659","4,807",9,575,"1,261"
2017.02,도봉구,"83,160","38,369","33,542","3,535","6,134",41,690,848
2017.02,노원구,"138,551","60,519","56,904","11,650","6,877",13,"1,390","1,197"
2017.02,은평구,"124,901","54,307","50,430","3,969","13,878",19,885,"1,412"
2017.02,서대문구,"109,342","37,135","51,687","15,753","3,000",6,882,877
2017.02,마포구,"180,031","49,838","110,977","5,833","10,316",11,"1,483","1,572"
2017.02,양천구,"138,769","54,185","75,011","3,291","4,431",10,"1,338",503
2017.02,강서구,"195,529","68,079","96,995","4,398","23,136",339,"1,614",968
2017.02,구로구,"175,905","50,836","82,324","3,504","37,154",20,"1,084",984
2017.02,금천구,"144,950","26,800","87,094","1,811","27,968",27,848,402
2017.02,영등포구,"225,915","49,401","149,082","2,846","21,074",8,"1,858","1,647"
2017.02,동작구,"113,645","44,896","54,408","7,723","4,498",6,970,"1,144"
2017.02,관악구,"156,256","57,319","70,259","21,877","4,041",16,"1,117","1,627"
2017.02,서초구,"315,438","58,123","195,797","5,430","52,113",339,"2,478","1,157"
2017.02,강남구,"428,438","73,545","314,409","4,975","30,980",155,"2,364","2,009"
2017.02,송파구,"232,907","75,684","132,812","5,836","15,053",249,"1,901","1,372"
2017.02,강동구,"135,888","49,031","67,566","3,423","13,551",301,"1,137",879
2017.03,합계,"3,649,111","1,029,696","2,001,758","149,924","410,265","1,486","29,145","26,836"
2017.03,종로구,"139,446","20,301","100,040","7,912","7,002",6,896,"3,290"
2017.03,중구,"195,943","15,029","152,932","4,320","21,507",-,"1,276",879
2017.03,용산구,"106,621","30,296","61,119","4,535","8,806",2,"1,205",658
2017.03,성동구,"152,435","32,486","55,879","6,610","55,868",0,"1,063",529
2017.03,광진구,"124,446","35,140","49,259","6,950","31,280",16,931,869
2017.03,동대문구,"113,703","38,068","52,848","7,488","13,481",4,970,844
2017.03,중랑구,"87,379","39,552","36,985","2,634","6,599",20,976,611
2017.03,성북구,"115,344","45,775","43,890","13,684","8,377",7,"1,285","2,326"
2017.03,강북구,"72,662","31,224","33,200","2,312","4,368",8,543,"1,008"
2017.03,도봉구,"71,151","32,850","28,308","3,022","5,662",31,617,660
2017.03,노원구,"119,911","52,202","48,671","10,473","6,264",28,"1,290",982
2017.03,은평구,"107,413","47,230","42,116","3,401","12,781",12,814,"1,060"
2017.03,서대문구,"97,750","32,822","45,048","15,482","2,859",5,817,717
2017.03,마포구,"160,542","42,692","99,006","5,308","10,649",11,"1,319","1,557"
2017.03,양천구,"126,341","47,836","70,013","3,000","3,833",11,"1,200",448
2017.03,강서구,"171,335","59,408","82,357","3,699","23,313",388,"1,442",728
2017.03,구로구,"148,270","44,385","67,660","3,134","31,239",19,"1,038",795
2017.03,금천구,"128,435","23,199","77,753","1,468","24,875",24,807,310
2017.03,영등포구,"205,267","43,917","135,166","2,434","20,308",7,"1,708","1,727"
2017.03,동작구,"98,817","38,868","46,708","6,880","4,612",4,896,848
2017.03,관악구,"133,599","49,218","60,172","18,186","3,664",12,"1,059","1,288"
2017.03,서초구,"275,392","51,969","169,524","4,479","45,958",281,"2,187",994
2017.03,강남구,"372,123","66,625","268,894","4,382","28,113",131,"2,142","1,836"
2017.03,송파구,"206,273","65,906","117,372","5,135","14,765",227,"1,660","1,209"
2017.03,강동구,"118,512","42,698","56,841","2,992","14,081",232,"1,004",663
2017.04,합계,"3,470,755","1,061,221","1,830,304","128,489","396,970","1,362","27,967","24,442"
2017.04,종로구,"128,683","20,408","90,576","7,358","6,712",6,879,"2,744"
2017.04,중구,"180,782","15,209","139,654","3,228","19,816",-,"1,302","1,572"
2017.04,용산구,"100,318","31,075","55,071","4,041","8,428",2,"1,189",511
2017.04,성동구,"146,128","33,819","50,489","5,637","54,810",0,"1,008",365
2017.04,광진구,"121,461","36,306","46,307","5,590","31,515",15,856,871
2017.04,동대문구,"108,103","39,152","48,182","6,359","12,888",3,875,644
2017.04,중랑구,"85,018","40,823","34,426","2,266","6,058",24,898,523
2017.04,성북구,"111,252","47,711","40,474","12,030","8,135",7,"1,177","1,718"
2017.04,강북구,"70,727","32,421","30,833","1,969","4,179",7,497,820
2017.04,도봉구,"69,743","34,370","25,930","2,568","5,752",33,589,501
2017.04,노원구,"116,551","54,793","44,681","9,118","6,006",27,"1,221",705
2017.04,은평구,"105,576","48,862","38,787","2,904","13,507",11,742,762
2017.04,서대문구,"92,181","33,426","41,604","12,994","2,826",4,738,590
2017.04,마포구,"150,705","43,870","89,635","4,302","10,759",11,"1,286",842
2017.04,양천구,"123,916","49,252","66,206","2,908","3,864",8,"1,179",501
2017.04,강서구,"165,629","61,684","76,061","3,277","22,297",399,"1,439",472
2017.04,구로구,"140,268","45,417","60,352","2,527","30,323",16,965,668
2017.04,금천구,"119,933","23,886","70,440","1,193","23,391",16,770,237
2017.04,영등포구,"192,166","43,950","123,046","2,043","19,376",5,"1,600","2,146"
2017.04,동작구,"96,064","40,571","43,717","5,591","4,737",3,838,608
2017.04,관악구,"130,547","51,304","57,524","16,125","3,538",11,"1,020","1,025"
2017.04,서초구,"261,924","52,405","154,825","3,900","47,158",254,"2,202","1,182"
2017.04,강남구,"337,249","67,420","239,782","3,739","22,061",97,"2,075","2,074"
2017.04,송파구,"201,953","68,925","109,872","4,395","15,012",227,"1,655","1,867"
2017.04,강동구,"113,877","44,162","51,830","2,425","13,819",175,970,494
2017.05,합계,"3,290,791","989,052","1,763,767","104,761","372,769","1,278","25,827","33,338"
2017.05,종로구,"124,073","19,090","88,768","6,445","5,753",3,805,"3,209"
2017.05,중구,"182,391","14,189","142,113","2,886","17,367",-,"1,222","4,615"
2017.05,용산구,"95,710","28,992","53,589","3,489","8,103",2,"1,093",441
2017.05,성동구,"136,205","31,454","47,767","5,249","50,568",0,960,206
2017.05,광진구,"117,462","33,888","44,671","5,613","30,494",13,791,"1,992"
2017.05,동대문구,"99,422","36,341","44,306","5,573","11,809",1,815,577
2017.05,중랑구,"78,038","38,007","32,224","1,356","5,125",21,856,449
2017.05,성북구,"102,497","44,015","37,519","10,899","7,851",7,"1,120","1,086"
2017.05,강북구,"64,674","29,918","28,579","1,376","3,855",5,467,473
2017.05,도봉구,"63,362","31,685","23,936","1,622","5,255",26,535,303
2017.05,노원구,"106,754","50,418","42,466","6,807","5,450",24,"1,169",421
2017.05,은평구,"96,771","45,344","35,634","1,745","12,807",9,687,544
2017.05,서대문구,"89,430","31,455","40,673","13,096","2,683",3,686,836
2017.05,마포구,"146,670","40,881","87,298","3,919","12,462",12,"1,148",951
2017.05,양천구,"116,048","46,437","62,764","1,778","3,302",7,"1,067",693
2017.05,강서구,"154,646","57,556","71,581","2,088","21,372",447,"1,325",277
2017.05,구로구,"132,700","42,295","58,300","1,772","28,153",15,932,"1,232"
2017.05,금천구,"115,020","21,867","70,644",731,"20,718",11,741,308
2017.05,영등포구,"191,311","41,513","123,583","1,348","18,513",4,"1,454","4,896"
2017.05,동작구,"90,768","37,576","42,290","4,766","4,754",2,752,627
2017.05,관악구,"119,070","47,546","54,135","12,581","3,201",14,976,617
2017.05,서초구,"248,199","49,497","145,876","2,807","45,840",219,"2,017","1,944"
2017.05,강남구,"317,631","63,920","226,996","2,434","18,474",69,"1,861","3,878"
2017.05,송파구,"194,886","64,098","108,972","2,847","14,825",235,"1,491","2,418"
2017.05,강동구,"107,050","41,071","49,080","1,534","14,034",129,857,344
2017.06,합계,"3,621,612","1,026,418","1,993,119","125,467","402,055","1,335","24,225","48,993"
2017.06,종로구,"140,731","20,354","100,810","7,960","6,330",3,782,"4,491"
2017.06,중구,"208,145","14,889","161,894","3,535","19,053",-,"1,251","7,522"
2017.06,용산구,"107,908","30,784","62,330","4,280","8,592",1,"1,036",886
2017.06,성동구,"164,553","32,810","53,809","6,195","70,656",0,883,200
2017.06,광진구,"129,996","35,314","51,066","6,826","33,214",13,709,"2,855"
2017.06,동대문구,"108,593","37,745","50,146","6,592","12,701",2,730,678
2017.06,중랑구,"83,276","38,917","35,938","1,689","5,431",22,773,508
2017.06,성북구,"110,808","45,205","41,756","13,323","8,416",8,"1,030","1,071"
2017.06,강북구,"69,103","30,577","31,883","1,659","4,257",9,424,293
2017.06,도봉구,"67,617","32,444","26,928","1,956","5,476",26,500,287
2017.06,노원구,"115,539","51,885","47,796","8,096","6,203",24,"1,102",433
2017.06,은평구,"103,148","46,256","39,290","2,364","14,130",10,629,470
2017.06,서대문구,"97,389","32,188","45,889","15,039","2,777",2,626,867
2017.06,마포구,"161,980","43,329","96,914","4,589","14,615",13,"1,087","1,434"
2017.06,양천구,"122,748","47,592","67,028","1,966","4,210",12,"1,036",903
2017.06,강서구,"166,418","59,508","81,142","2,595","21,144",497,"1,258",275
2017.06,구로구,"145,036","43,641","66,129","2,181","30,318",16,847,"1,904"
2017.06,금천구,"127,513","22,703","78,710",902,"23,692",12,696,797
2017.06,영등포구,"211,319","43,202","138,425","1,552","19,347",4,"1,353","7,437"
2017.06,동작구,"99,507","38,976","48,386","5,782","4,850",2,697,814
2017.06,관악구,"128,296","49,301","60,112","14,175","3,291",13,940,464
2017.06,서초구,"262,032","51,774","165,922","3,568","35,514",221,"1,876","3,155"
2017.06,강남구,"359,951","67,748","262,987","3,283","18,073",66,"1,765","6,029"
2017.06,송파구,"213,553","66,628","121,622","3,395","15,468",238,"1,402","4,800"
2017.06,강동구,"116,454","42,650","56,208","1,963","14,297",121,794,421
2017.07,합계,"4,273,771","1,211,781","2,369,980","151,314","444,372","1,421","23,782","71,121"
2017.07,종로구,"167,041","24,321","119,322","9,254","6,777",2,750,"6,614"
2017.07,중구,"246,792","18,229","191,029","4,083","21,515",-,"1,164","10,772"
2017.07,용산구,"130,705","37,846","75,644","5,085","9,408",1,"1,011","1,711"
2017.07,성동구,"188,728","38,185","63,890","7,311","78,153",0,886,302
2017.07,광진구,"155,342","43,035","61,429","7,850","38,313",11,709,"3,995"
2017.07,동대문구,"128,581","43,952","60,160","7,829","15,009",4,736,890
2017.07,중랑구,"98,498","45,464","42,762","2,327","6,427",24,787,708
2017.07,성북구,"127,125","51,452","49,501","14,655","9,202",9,"1,054","1,252"
2017.07,강북구,"80,204","34,605","37,790","2,134","4,963",9,412,291
2017.07,도봉구,"78,893","37,380","32,261","2,584","5,838",23,493,315
2017.07,노원구,"135,347","59,768","57,224","9,518","7,067",24,"1,055",691
2017.07,은평구,"119,684","52,409","47,037","3,355","15,774",11,637,461
2017.07,서대문구,"115,452","38,306","54,650","17,626","2,916",2,628,"1,324"
2017.07,마포구,"192,237","52,510","113,654","5,350","17,635",13,"1,060","2,015"
2017.07,양천구,"141,500","55,482","75,816","2,833","4,162",14,997,"2,197"
2017.07,강서구,"196,770","69,208","98,912","3,598","22,504",569,"1,193",786
2017.07,구로구,"169,434","51,019","80,342","2,882","31,753",16,859,"2,562"
2017.07,금천구,"149,667","26,170","93,139","1,365","27,087",13,685,"1,208"
2017.07,영등포구,"249,736","52,115","162,892","2,081","20,806",4,"1,339","10,499"
2017.07,동작구,"115,933","45,239","57,222","6,656","5,045",3,683,"1,086"
2017.07,관악구,"149,865","57,181","71,112","16,534","3,640",10,933,455
2017.07,서초구,"310,141","62,320","195,424","4,427","40,577",225,"1,885","5,282"
2017.07,강남구,"434,703","86,859","314,082","4,400","18,555",64,"1,714","9,029"
2017.07,송파구,"253,406","77,829","146,906","4,776","16,310",255,"1,334","5,996"
2017.07,강동구,"137,988","50,898","67,781","2,801","14,935",115,777,681
2017.08,합계,"4,733,095","1,452,965","2,562,825","145,601","474,693","1,452","24,647","70,912"
2017.08,종로구,"177,659","28,283","126,259","9,210","6,857",2,787,"6,262"
2017.08,중구,"256,418","21,278","196,643","3,823","22,605",-,"1,217","10,851"
2017.08,용산구,"147,464","45,562","83,386","5,051","10,392",1,"1,073","2,000"
2017.08,성동구,"209,259","47,454","69,061","7,056","84,471",0,892,324
2017.08,광진구,"170,704","51,104","66,676","7,099","41,226",12,762,"3,825"
2017.08,동대문구,"146,522","53,826","66,742","7,636","16,726",4,771,817
2017.08,중랑구,"112,836","54,496","47,528","1,943","7,356",27,837,649
2017.08,성북구,"144,269","62,466","55,283","14,686","9,582",10,"1,083","1,159"
2017.08,강북구,"92,905","42,009","42,635","2,014","5,658",11,232,346
2017.08,도봉구,"89,635","44,300","35,894","2,407","6,224",21,528,262
2017.08,노원구,"150,844","70,065","62,564","9,396","7,075",24,"1,084",636
2017.08,은평구,"140,528","64,946","53,333","2,730","18,275",12,676,557
2017.08,서대문구,"126,125","44,928","59,220","17,122","3,097",2,660,"1,098"
2017.08,마포구,"212,274","62,704","123,323","4,913","18,433",12,"1,125","1,764"
2017.08,양천구,"162,969","66,719","85,246","2,643","4,362",10,"1,056","2,933"
2017.08,강서구,"224,789","85,856","109,785","3,017","23,653",560,"1,273",645
2017.08,구로구,"185,468","61,222","85,605","2,410","33,068",18,854,"2,291"
2017.08,금천구,"159,219","31,983","96,725","1,068","27,346",14,700,"1,383"
2017.08,영등포구,"270,247","61,145","173,293","1,917","22,075",5,"1,376","10,436"
2017.08,동작구,"130,679","54,426","62,763","6,481","5,194",3,710,"1,102"
2017.08,관악구,"173,291","68,906","80,414","18,450","4,053",11,952,505
2017.08,서초구,"344,414","77,122","211,554","4,178","43,982",251,"1,903","5,424"
2017.08,강남구,"471,027","98,298","338,172","3,532","19,917",74,"1,834","9,200"
2017.08,송파구,"280,677","94,392","156,866","4,557","17,432",252,"1,424","5,754"
2017.08,강동구,"152,870","59,475","73,856","2,263","15,634",117,836,688
2017.09,합계,"3,998,064","1,142,453","2,197,204","139,973","439,650","1,381","26,634","50,769"
2017.09,종로구,"150,837","22,610","107,746","8,656","6,883",2,832,"4,108"
2017.09,중구,"221,937","16,670","170,386","3,673","22,271",-,"1,235","7,703"
2017.09,용산구,"122,760","34,988","70,588","4,853","9,855",1,"1,129","1,346"
2017.09,성동구,"183,581","37,381","59,604","6,652","78,769",0,947,228
2017.09,광진구,"143,738","39,765","56,118","6,954","37,281",11,821,"2,788"
2017.09,동대문구,"123,064","42,113","56,947","7,169","15,401",2,828,604
2017.09,중랑구,"93,788","42,827","40,557","2,075","6,863",27,886,552
2017.09,성북구,"122,325","50,444","47,360","13,599","8,831",10,"1,148",933
2017.09,강북구,"78,917","34,082","36,337","1,938","5,521",9,716,315
2017.09,도봉구,"74,261","34,971","30,304","2,328","5,875",22,580,181
2017.09,노원구,"125,446","55,792","53,015","8,754","6,372",24,"1,140",348
2017.09,은평구,"117,003","51,870","45,056","2,946","15,972",10,723,427
2017.09,서대문구,"105,670","35,417","50,180","15,596","2,912",2,723,840
2017.09,마포구,"178,915","48,438","107,439","4,951","15,632",11,"1,207","1,238"
2017.09,양천구,"141,566","53,677","78,017","2,517","3,962",8,"1,112","2,272"
2017.09,강서구,"190,736","67,728","94,879","3,315","22,407",549,"1,358",501
2017.09,구로구,"155,983","48,071","71,583","2,571","31,288",17,886,"1,566"
2017.09,금천구,"137,846","25,816","83,732","1,131","25,349",13,716,"1,089"
2017.09,영등포구,"228,198","47,929","148,418","1,921","20,751",4,"1,481","7,695"
2017.09,동작구,"109,810","43,314","53,875","6,245","4,916",2,760,698
2017.09,관악구,"146,609","55,340","69,021","17,005","3,778",11,986,467
2017.09,서초구,"287,743","57,308","181,522","4,415","38,544",232,"1,987","3,735"
2017.09,강남구,"394,990","74,677","289,066","3,969","18,819",66,"1,971","6,423"
2017.09,송파구,"235,743","75,049","133,530","4,380","16,706",238,"1,548","4,291"
2017.09,강동구,"126,597","46,177","61,924","2,360","14,693",109,912,423
2017.1,합계,"3,329,882","996,485","1,791,971","106,294","379,926","1,233","28,507","25,466"
2017.1,종로구,"120,739","19,399","86,180","6,774","5,298",2,891,"2,195"
2017.1,중구,"174,268","14,383","135,955","2,665","17,103",-,"1,244","2,919"
2017.1,용산구,"100,558","29,473","56,766","3,677","8,491",1,"1,193",957
2017.1,성동구,"156,986","31,944","49,125","4,938","69,819",0,"1,030",130
2017.1,광진구,"118,572","34,302","45,951","5,277","30,977",11,928,"1,124"
2017.1,동대문구,"102,114","36,664","45,765","5,607","12,831",2,923,321
2017.1,중랑구,"79,495","37,900","33,366","1,396","5,559",23,976,276
2017.1,성북구,"102,917","43,951","38,789","10,792","7,398",11,"1,271",705
2017.1,강북구,"66,622","29,951","29,768","1,400","4,661",8,541,292
2017.1,도봉구,"63,817","31,569","24,735","1,741","4,935",25,639,173
2017.1,노원구,"107,922","49,838","43,916","6,888","5,772",25,"1,226",257
2017.1,은평구,"100,268","45,556","36,995","1,983","14,501",10,825,398
2017.1,서대문구,"88,825","31,403","40,985","12,480","2,576",1,795,585
2017.1,마포구,"150,714","41,535","90,287","3,808","13,228",10,"1,291",555
2017.1,양천구,"124,329","46,537","69,824","2,039","3,436",9,"1,190","1,294"
2017.1,강서구,"163,639","58,822","79,448","2,184","21,027",462,"1,450",246
2017.1,구로구,"131,015","42,612","57,916","1,786","27,116",14,978,593
2017.1,금천구,"113,975","22,728","69,320",742,"19,820",17,768,579
2017.1,영등포구,"187,920","42,013","121,545","1,458","17,911",3,"1,601","3,389"
2017.1,동작구,"92,307","37,870","44,058","4,709","4,384",2,851,433
2017.1,관악구,"123,005","47,897","56,898","13,476","3,215",10,"1,049",460
2017.1,서초구,"236,969","49,948","146,299","3,087","33,602",212,"2,077","1,746"
2017.1,강남구,"318,649","65,085","228,505","2,588","17,447",59,"2,127","2,838"
2017.1,송파구,"196,884","64,409","109,358","3,218","15,336",221,"1,647","2,694"
2017.1,강동구,"107,370","40,696","50,216","1,579","13,481",96,997,306
2017.11,합계,"3,488,082","1,048,521","1,851,536","129,354","409,483","1,373","30,736","17,079"
2017.11,종로구,"128,817","20,273","92,208","7,442","5,929",3,958,"2,004"
2017.11,중구,"183,708","15,138","143,767","4,123","18,731",-,"1,320",629
2017.11,용산구,"105,837","30,725","60,451","4,012","8,697",1,"1,303",648
2017.11,성동구,"165,652","33,387","51,010","5,957","74,023",0,"1,080",193
2017.11,광진구,"124,369","36,162","46,464","6,766","33,472",14,976,515
2017.11,동대문구,"106,541","38,335","46,308","6,755","13,740",2,"1,004",397
2017.11,중랑구,"82,905","40,085","33,688","1,801","5,917",22,"1,048",344
2017.11,성북구,"109,401","46,218","39,231","13,391","7,852",7,"1,352","1,349"
2017.11,강북구,"69,244","31,720","29,978","1,715","4,751",7,583,489
2017.11,도봉구,"67,717","33,922","25,282","2,157","5,317",31,690,319
2017.11,노원구,"114,851","53,500","44,422","9,466","5,634",30,"1,318",480
2017.11,은평구,"104,353","48,004","37,056","2,513","15,297",10,866,607
2017.11,서대문구,"93,919","33,032","41,964","14,978","2,659",1,849,434
2017.11,마포구,"156,601","43,571","91,921","4,899","14,037",9,"1,406",758
2017.11,양천구,"123,820","48,689","67,149","2,022","4,255",11,"1,313",382
2017.11,강서구,"173,328","61,192","84,723","2,764","22,130",513,"1,592",415
2017.11,구로구,"141,564","44,949","62,433","2,650","30,051",16,"1,031",433
2017.11,금천구,"124,952","23,979","75,163","1,105","23,520",19,821,344
2017.11,영등포구,"192,801","43,915","125,688","1,680","18,399",4,"1,718","1,396"
2017.11,동작구,"95,915","39,859","44,332","5,856","4,366",2,920,580
2017.11,관악구,"126,793","50,302","56,935","14,502","3,248",15,"1,093",697
2017.11,서초구,"244,870","52,398","150,404","3,479","35,356",251,"2,246",735
2017.11,강남구,"336,237","67,501","238,765","3,394","22,504",67,"2,327","1,678"
2017.11,송파구,"201,537","68,625","110,514","3,720","15,788",229,"1,833",827
2017.11,강동구,"112,351","43,042","51,676","2,206","13,809",106,"1,089",424
2017.12,합계,"4,136,329","1,132,166","2,295,825","193,488","455,391","1,581","32,059","25,819"
2017.12,종로구,"158,325","22,660","113,953","10,419","6,887",7,"1,001","3,397"
2017.12,중구,"219,897","16,876","172,256","6,131","22,578",-,"1,301",755
2017.12,용산구,"125,744","33,851","74,934","5,628","9,335",1,"1,349",645
2017.12,성동구,"188,696","36,322","64,182","8,141","78,398",0,"1,133",519
2017.12,광진구,"143,923","39,333","57,579","9,002","36,005",18,"1,050",936
2017.12,동대문구,"127,643","41,886","58,696","9,466","15,752",4,"1,077",763
2017.12,중랑구,"98,012","43,454","42,039","3,605","7,209",26,"1,102",577
2017.12,성북구,"129,452","49,780","49,045","17,888","8,817",8,"1,433","2,480"
2017.12,강북구,"81,209","34,147","37,378","2,820","5,312",10,607,936
2017.12,도봉구,"79,335","36,416","31,874","3,956","5,698",42,710,638
2017.12,노원구,"134,353","56,909","55,087","13,434","6,562",34,"1,386",942
2017.12,은평구,"120,481","51,540","47,159","4,710","15,041",10,915,"1,106"
2017.12,서대문구,"111,118","36,037","51,316","19,138","2,950",2,906,769
2017.12,마포구,"186,849","47,685","114,399","7,180","14,879",9,"1,477","1,219"
2017.12,양천구,"138,244","51,768","76,994","3,757","3,932",14,"1,376",404
2017.12,강서구,"210,349","65,281","112,545","5,091","24,632",383,"1,648",771
2017.12,구로구,"173,664","48,520","82,703","4,497","36,086",20,"1,073",767
2017.12,금천구,"148,260","25,839","91,222","2,201","27,815",25,838,319
2017.12,영등포구,"226,759","48,584","151,134","3,062","20,769",6,"1,829","1,375"
2017.12,동작구,"111,478","42,643","53,182","9,209","4,475",4,968,998
2017.12,관악구,"148,417","53,992","67,369","21,026","3,649",23,"1,129","1,230"
2017.12,서초구,"289,768","56,677","185,523","5,863","38,073",384,"2,301",947
2017.12,강남구,"418,376","72,541","306,007","6,388","29,238",136,"2,397","1,668"
2017.12,송파구,"233,126","73,224","133,694","6,669","16,437",270,"1,914",919
2017.12,강동구,"132,850","46,201","65,555","4,207","14,863",147,"1,138",740
2018.01,합계,"4,477,102","1,218,264","2,523,458","196,353","473,720","1,751","32,726","30,828"
2018.01,종로구,"171,020","24,547","124,215","10,471","6,770",9,"1,010","3,999"
2018.01,중구,"235,416","18,155","184,952","6,054","23,977",-,"1,347",931
2018.01,용산구,"134,743","36,661","80,031","5,872","10,052",1,"1,374",752
2018.01,성동구,"201,937","39,867","71,064","8,418","80,756",0,"1,174",658
2018.01,광진구,"153,202","42,138","62,734","8,420","37,737",19,"1,063","1,092"
2018.01,동대문구,"139,368","45,470","65,560","9,744","16,523",5,"1,092",974
2018.01,중랑구,"106,854","46,810","46,840","3,646","7,717",33,"1,111",696
2018.01,성북구,"139,694","53,679","54,961","17,616","9,129",10,"1,435","2,863"
2018.01,강북구,"89,450","37,058","41,976","3,148","5,494",11,617,"1,145"
2018.01,도봉구,"86,372","39,027","35,821","4,169","5,846",41,684,783
2018.01,노원구,"146,087","60,830","61,601","14,197","6,804",34,"1,439","1,182"
2018.01,은평구,"131,805","55,922","53,485","4,581","15,508",11,926,"1,373"
2018.01,서대문구,"119,018","38,697","56,387","18,951","3,124",2,930,928
2018.01,마포구,"202,369","51,277","125,401","7,015","15,609",10,"1,507","1,549"
2018.01,양천구,"152,401","55,512","85,871","4,363","4,746",17,"1,397",496
2018.01,강서구,"230,096","70,424","126,023","5,165","25,445",375,"1,701",964
2018.01,구로구,"187,019","52,236","90,771","4,025","37,963",22,"1,109",893
2018.01,금천구,"158,695","27,876","98,800","1,977","28,789",30,855,369
2018.01,영등포구,"249,179","52,252","167,286","3,555","22,658",8,"1,861","1,558"
2018.01,동작구,"120,191","45,988","58,296","9,157","4,648",6,980,"1,118"
2018.01,관악구,"162,360","58,191","74,641","22,916","3,987",27,"1,145","1,452"
2018.01,서초구,"312,283","60,656","202,179","5,841","39,678",448,"2,379","1,103"
2018.01,강남구,"450,177","76,791","334,894","5,651","28,325",167,"2,455","1,894"
2018.01,송파구,"253,686","78,765","147,048","7,264","17,094",290,"1,972","1,253"
2018.01,강동구,"143,678","49,435","72,623","4,139","15,340",176,"1,162",803
2018.02,합계,"4,469,940","1,230,801","2,506,813","196,620","472,136","1,781","30,590","31,199"
2018.02,종로구,"169,434","24,680","120,933","10,910","7,800",8,975,"4,129"
2018.02,중구,"226,100","18,762","174,193","5,722","25,200",-,"1,319",904
2018.02,용산구,"135,130","37,342","79,745","5,789","10,194",0,"1,289",770
2018.02,성동구,"201,640","41,070","70,456","7,740","80,570",0,"1,090",714
2018.02,광진구,"154,770","42,762","64,340","8,070","37,451",19,985,"1,143"
2018.02,동대문구,"141,041","46,156","66,996","9,276","16,635",5,993,981
2018.02,중랑구,"109,324","47,493","47,869","3,937","8,246",38,"1,027",714
2018.02,성북구,"142,026","54,535","56,643","17,241","9,326",13,"1,320","2,948"
2018.02,강북구,"91,685","37,741","43,309","3,191","5,667",14,565,"1,198"
2018.02,도봉구,"88,166","39,638","36,565","4,453","6,026",42,631,810
2018.02,노원구,"146,408","61,587","61,899","13,704","6,633",36,"1,358","1,191"
2018.02,은평구,"134,585","56,636","55,337","4,853","15,535",10,809,"1,405"
2018.02,서대문구,"115,923","38,353","55,815","16,867","3,126",1,833,927
2018.02,마포구,"197,292","52,004","121,764","6,545","14,223",10,"1,407","1,339"
2018.02,양천구,"153,366","55,762","86,510","4,258","5,000",19,"1,301",517
2018.02,강서구,"232,735","71,435","128,279","5,579","24,485",358,"1,616",984
2018.02,구로구,"185,139","52,690","87,153","4,396","38,875",25,"1,034",965
2018.02,금천구,"152,726","28,287","92,755","2,305","28,183",27,796,373
2018.02,영등포구,"241,677","52,324","159,992","3,642","22,413",9,"1,760","1,536"
2018.02,동작구,"121,008","46,726","58,774","8,946","4,510",6,899,"1,148"
2018.02,관악구,"167,824","59,549","76,652","24,771","4,222",29,"1,079","1,520"
2018.02,서초구,"315,359","60,382","205,465","6,475","39,156",473,"2,272","1,136"
2018.02,강남구,"451,230","75,348","337,505","6,342","27,696",159,"2,294","1,886"
2018.02,송파구,"250,818","79,636","144,117","7,265","16,511",281,"1,858","1,150"
2018.02,강동구,"144,536","49,904","73,747","4,344","14,453",196,"1,078",813
2018.03,합계,"3,657,824","1,045,251","2,003,845","149,267","405,237","1,498","27,981","24,745"
2018.03,종로구,"136,160","20,401","97,521","7,930","6,361",6,863,"3,078"
2018.03,중구,"190,122","15,299","148,034","4,312","20,268",-,"1,210","1,000"
2018.03,용산구,"108,425","30,758","62,851","4,317","8,734",0,"1,168",597
2018.03,성동구,"169,400","34,262","56,635","6,565","70,414",0,"1,024",500
2018.03,광진구,"124,672","35,798","49,476","6,760","30,843",18,924,852
2018.03,동대문구,"113,008","38,978","51,207","7,383","13,746",3,951,741
2018.03,중랑구,"87,516","40,033","36,891","2,696","6,345",30,980,540
2018.03,성북구,"115,173","45,927","43,857","13,558","8,353",12,"1,241","2,224"
2018.03,강북구,"73,571","31,883","33,111","2,341","4,768",11,543,915
2018.03,도봉구,"70,702","33,352","28,016","3,132","4,985",31,565,621
2018.03,노원구,"119,201","52,266","48,213","10,510","6,018",28,"1,269",897
2018.03,은평구,"109,661","48,370","42,192","3,309","14,007",9,769,"1,006"
2018.03,서대문구,"97,554","33,346","44,806","15,141","2,742",1,778,741
2018.03,마포구,"161,734","42,935","100,314","5,234","10,891",9,"1,245","1,105"
2018.03,양천구,"133,604","48,535","76,443","3,230","3,829",12,"1,144",411
2018.03,강서구,"193,663","60,982","102,463","3,702","23,972",422,"1,424",699
2018.03,구로구,"146,045","44,908","66,073","3,172","30,151",16,"1,014",711
2018.03,금천구,"126,871","24,111","77,372","1,514","22,804",21,773,276
2018.03,영등포구,"206,528","45,249","135,448","2,549","19,966",7,"1,628","1,681"
2018.03,동작구,"98,513","39,240","46,436","6,873","4,349",5,831,779
2018.03,관악구,"133,629","49,845","60,261","17,926","3,415",16,"1,036","1,129"
2018.03,서초구,"253,373","52,263","159,784","4,571","33,521",334,"2,012",888
2018.03,강남구,"361,241","66,812","261,588","4,318","24,590",128,"2,031","1,773"
2018.03,송파구,"209,495","67,861","117,832","5,302","15,654",227,"1,613","1,007"
2018.03,강동구,"117,962","41,835","57,020","2,924","14,512",155,943,573
2018.04,합계,"3,503,967","1,064,942","1,854,106","128,615","406,315","1,342","26,772","21,874"
2018.04,종로구,"128,289","20,287","90,376","7,459","6,841",4,817,"2,506"
2018.04,중구,"179,650","15,438","137,922","3,363","20,121",-,"1,269","1,537"
2018.04,용산구,"103,600","31,054","58,393","3,907","8,539",-,"1,143",564
2018.04,성동구,"167,375","34,964","51,218","5,652","74,271",0,959,311
2018.04,광진구,"122,829","36,656","46,263","5,658","32,496",15,845,897
2018.04,동대문구,"108,599","39,704","47,254","6,408","13,897",2,862,473
2018.04,중랑구,"84,889","40,797","34,529","2,243","6,007",26,890,397
2018.04,성북구,"110,904","47,201","40,702","12,025","8,273",11,"1,154","1,538"
2018.04,강북구,"71,288","32,500","30,853","1,937","4,814",9,489,686
2018.04,도봉구,"68,883","34,380","25,657","2,552","5,299",29,537,428
2018.04,노원구,"114,873","53,979","44,374","8,883","5,847",29,"1,210",552
2018.04,은평구,"107,354","49,362","39,064","2,896","14,623",10,721,678
2018.04,서대문구,"92,275","33,437","41,566","13,239","2,760",1,707,565
2018.04,마포구,"153,712","44,001","92,373","4,429","11,139",10,"1,198",564
2018.04,양천구,"130,107","49,562","72,284","2,848","3,837",11,"1,143",422
2018.04,강서구,"184,319","62,687","93,182","3,361","22,644",402,"1,423",621
2018.04,구로구,"139,137","45,369","60,180","2,546","29,565",14,915,548
2018.04,금천구,"119,500","24,641","70,796","1,210","21,879",21,731,221
2018.04,영등포구,"194,921","44,507","125,224","2,165","19,330",4,"1,509","2,182"
2018.04,동작구,"96,012","40,486","44,121","5,734","4,388",3,766,514
2018.04,관악구,"130,640","51,435","58,112","15,826","3,408",12,992,855
2018.04,서초구,"243,366","52,810","149,226","3,776","34,350",286,"2,034",885
2018.04,강남구,"334,575","66,990","238,033","3,644","21,800",90,"1,974","2,045"
2018.04,송파구,"204,065","70,088","110,077","4,498","16,158",230,"1,588","1,426"
2018.04,강동구,"112,807","42,608","52,329","2,356","14,029",125,899,460
2018.05,합계,"3,366,946","1,000,319","1,808,147","111,461","389,894","1,261","24,536","31,328"
2018.05,종로구,"124,308","19,180","88,449","6,684","6,090",3,759,"3,143"
2018.05,중구,"181,966","14,562","141,240","3,143","18,041",-,"1,200","3,779"
2018.05,용산구,"99,836","29,114","57,227","3,497","8,031",-,"1,057",910
2018.05,성동구,"160,144","32,582","49,386","5,475","71,596",0,908,197
2018.05,광진구,"118,819","34,393","44,730","5,845","31,505",12,787,"1,546"
2018.05,동대문구,"101,303","36,987","43,912","5,957","13,154",2,789,502
2018.05,중랑구,"78,578","38,245","32,371","1,558","5,237",24,838,305
2018.05,성북구,"103,115","43,892","37,861","11,125","8,052",8,"1,068","1,108"
2018.05,강북구,"65,883","30,212","28,749","1,553","4,463",7,460,438
2018.05,도봉구,"63,517","32,032","23,860","1,821","5,002",25,492,285
2018.05,노원구,"107,249","50,161","42,813","7,303","5,404",25,"1,135",409
2018.05,은평구,"99,887","46,343","36,130","2,044","14,080",9,662,618
2018.05,서대문구,"89,933","31,539","40,984","13,487","2,649",1,653,620
2018.05,마포구,"150,981","41,383","90,476","4,119","12,952",10,"1,094",948
2018.05,양천구,"124,314","46,809","70,004","2,019","3,879",7,"1,030",565
2018.05,강서구,"180,844","58,800","94,386","2,399","22,677",444,"1,286",852
2018.05,구로구,"133,457","42,838","58,613","1,944","28,229",13,891,929
2018.05,금천구,"116,476","23,093","71,130",843,"20,338",24,710,337
2018.05,영등포구,"193,825","42,289","125,679","1,595","18,689",3,"1,205","4,366"
2018.05,동작구,"91,326","37,968","42,645","5,080","4,400",2,703,528
2018.05,관악구,"121,547","48,098","55,416","13,323","3,136",7,964,602
2018.05,서초구,"232,298","50,162","142,421","2,977","32,923",238,"1,868","1,709"
2018.05,강남구,"320,213","64,050","228,747","2,721","19,244",61,"1,783","3,607"
2018.05,송파구,"199,809","65,503","110,865","3,256","15,945",234,"1,410","2,596"
2018.05,강동구,"107,321","40,085","50,053","1,693","14,176",99,786,428
2018.06,합계,"3,686,242","1,053,725","2,025,480","128,037","404,810","1,273","23,306","49,611"
2018.06,종로구,"139,778","20,682","99,595","7,858","6,460",2,716,"4,465"
2018.06,중구,"206,392","15,716","159,061","3,627","19,426",-,"1,200","7,362"
2018.06,용산구,"112,891","31,711","65,659","4,147","8,514",-,999,"1,860"
2018.06,성동구,"171,548","34,550","55,452","6,342","74,162",0,818,223
2018.06,광진구,"131,801","36,683","51,291","6,977","33,317",11,733,"2,789"
2018.06,동대문구,"111,425","39,265","50,145","6,695","13,907",3,729,680
2018.06,중랑구,"84,807","39,845","36,467","1,810","5,480",27,776,401
2018.06,성북구,"112,306","45,754","42,581","13,300","8,617",9,976,"1,069"
2018.06,강북구,"70,672","31,256","32,248","1,732","4,691",8,417,321
2018.06,도봉구,"68,216","33,149","27,081","2,016","5,206",24,467,273
2018.06,노원구,"116,781","52,133","48,594","8,381","6,128",24,"1,065",456
2018.06,은평구,"106,409","47,890","40,147","2,471","14,788",9,611,493
2018.06,서대문구,"98,221","32,874","46,373","14,877","2,762",1,605,731
2018.06,마포구,"165,473","44,796","98,707","4,657","14,921",9,"1,027","1,356"
2018.06,양천구,"129,571","48,362","73,808","2,063","3,345",6,"1,010",977
2018.06,강서구,"189,846","61,500","101,517","2,732","21,380",490,"1,221","1,006"
2018.06,구로구,"145,025","44,399","66,097","2,283","29,628",14,821,"1,782"
2018.06,금천구,"126,130","23,710","78,198",942,"21,818",21,669,770
2018.06,영등포구,"213,114","44,731","139,074","1,691","19,090",3,"1,303","7,221"
2018.06,동작구,"100,379","39,979","48,528","5,971","4,565",2,652,682
2018.06,관악구,"131,794","50,611","61,824","14,705","3,221",6,931,496
2018.06,서초구,"258,604","53,769","160,404","3,737","35,310",224,"1,835","3,326"
2018.06,강남구,"357,361","68,755","259,952","3,323","17,276",60,"1,684","6,311"
2018.06,송파구,"220,144","69,326","125,144","3,669","16,473",228,"1,325","3,979"
2018.06,강동구,"117,555","42,277","57,531","2,031","14,329",92,715,579
2018.07,합계,"4,260,544","1,211,149","2,357,575","148,409","446,290","1,377","22,899","72,845"
2018.07,종로구,"163,019","24,096","116,313","9,020","6,488",2,698,"6,403"
2018.07,중구,"243,313","18,472","187,491","4,120","21,009",-,"1,128","11,093"
2018.07,용산구,"132,906","37,414","77,443","4,852","9,164",-,989,"3,044"
2018.07,성동구,"190,099","38,628","64,362","7,314","78,667",0,846,282
2018.07,광진구,"153,875","43,068","59,631","8,100","38,387",11,712,"3,967"
2018.07,동대문구,"126,400","43,943","57,586","7,726","15,556",5,728,856
2018.07,중랑구,"95,759","44,708","41,343","2,178","6,205",26,775,524
2018.07,성북구,"124,489","50,269","48,102","14,705","9,305",8,982,"1,117"
2018.07,강북구,"78,678","34,191","36,769","2,070","4,919",7,421,301
2018.07,도봉구,"76,514","36,744","30,965","2,474","5,516",22,457,336
2018.07,노원구,"131,276","58,408","55,300","9,245","6,653",24,"1,037",608
2018.07,은평구,"118,996","52,722","45,729","3,221","16,189",9,608,518
2018.07,서대문구,"114,248","38,382","54,203","17,136","2,907",1,600,"1,019"
2018.07,마포구,"194,447","52,067","115,650","5,315","18,225",10,986,"2,195"
2018.07,양천구,"147,659","55,687","81,940","2,742","4,039",6,985,"2,259"
2018.07,강서구,"217,778","69,127","118,270","3,452","23,326",571,"1,194","1,837"
2018.07,구로구,"167,767","50,864","79,657","2,791","31,080",14,820,"2,541"
2018.07,금천구,"148,096","26,740","93,208","1,290","24,958",21,676,"1,202"
2018.07,영등포구,"252,460","53,518","164,411","2,174","20,895",3,"1,280","10,180"
2018.07,동작구,"114,192","45,253","55,551","6,738","5,012",3,646,990
2018.07,관악구,"147,732","57,024","69,733","16,114","3,496",6,922,437
2018.07,서초구,"302,494","64,936","185,988","4,191","40,207",224,"1,781","5,167"
2018.07,강남구,"427,233","86,607","305,201","4,152","20,105",61,"1,648","9,460"
2018.07,송파구,"255,054","79,139","146,065","4,653","18,051",248,"1,286","5,612"
2018.07,강동구,"136,058","49,140","66,663","2,636","15,932",96,693,898
2018.08,합계,"5,394,746","1,810,791","2,810,493","160,286","503,153","1,581","24,136","84,307"
2018.08,종로구,"197,366","34,169","137,591","10,089","7,440",2,801,"7,274"
2018.08,중구,"278,837","27,323","210,077","4,402","23,560",-,"1,188","12,287"
2018.08,용산구,"170,258","56,903","92,243","5,398","10,932",-,"1,047","3,735"
2018.08,성동구,"238,186","60,293","77,322","7,563","91,788",0,848,372
2018.08,광진구,"196,843","65,680","73,161","8,128","44,724",11,734,"4,404"
2018.08,동대문구,"169,107","68,229","72,178","8,665","18,438",7,748,842
2018.08,중랑구,"132,690","69,475","51,935","2,189","7,781",32,798,481
2018.08,성북구,"165,813","77,163","59,897","16,280","10,293",9,"1,038","1,132"
2018.08,강북구,"107,435","52,150","46,509","2,216","5,777",9,450,324
2018.08,도봉구,"104,345","55,860","38,870","2,561","6,221",27,483,324
2018.08,노원구,"172,937","86,035","67,417","10,388","7,296",29,"1,065",707
2018.08,은평구,"161,855","79,428","58,025","3,094","20,117",12,636,542
2018.08,서대문구,"143,343","55,489","64,748","18,004","3,195",2,628,"1,278"
2018.08,마포구,"244,233","78,828","136,650","5,468","19,471",13,"1,060","2,743"
2018.08,양천구,"188,030","80,828","95,656","2,855","4,457",5,"1,027","3,201"
2018.08,강서구,"277,837","104,584","141,181","3,397","24,732",607,"1,270","2,065"
2018.08,구로구,"208,964","75,810","93,258","2,729","33,596",21,829,"2,721"
2018.08,금천구,"176,976","40,675","105,504","1,221","27,410",22,683,"1,461"
2018.08,영등포구,"304,965","76,824","189,847","2,354","22,816",3,"1,334","11,786"
2018.08,동작구,"151,123","68,617","67,764","7,404","5,333",3,684,"1,318"
2018.08,관악구,"198,531","85,806","87,491","19,740","4,086",9,951,448
2018.08,서초구,"378,266","94,861","224,354","4,675","45,769",299,"1,923","6,386"
2018.08,강남구,"525,585","121,369","366,428","4,002","21,425",80,"1,773","10,509"
2018.08,송파구,"325,069","120,454","170,840","4,941","20,141",258,"1,395","7,040"
2018.08,강동구,"176,152","73,939","81,547","2,522","16,353",122,744,926
2018.09,합계,"4,262,672","1,291,085","2,292,424","147,206","452,073","1,442","25,502","52,940"
2018.09,종로구,"156,693","24,781","108,902","9,131","7,285",2,760,"5,833"
2018.09,중구,"220,287","19,187","166,581","3,873","22,444",-,"1,177","7,025"
2018.09,용산구,"132,380","39,587","74,441","5,081","10,053",-,"1,114","2,105"
2018.09,성동구,"196,238","44,049","62,761","6,392","81,898",0,898,241
2018.09,광진구,"153,935","45,252","58,182","6,870","40,228",10,795,"2,598"
2018.09,동대문구,"133,938","48,874","59,669","7,404","16,694",5,835,457
2018.09,중랑구,"101,967","48,207","42,895","2,384","7,155",33,850,443
2018.09,성북구,"131,614","56,581","50,043","14,088","9,032",10,"1,094",765
2018.09,강북구,"85,730","38,801","38,673","2,112","5,346",8,469,321
2018.09,도봉구,"80,346","39,293","31,929","2,539","5,862",26,516,182
2018.09,노원구,"135,767","62,181","55,728","9,567","6,809",28,"1,109",345
2018.09,은평구,"130,701","60,533","48,463","3,320","17,328",12,680,366
2018.09,서대문구,"111,103","39,709","52,170","14,828","2,935",1,687,772
2018.09,마포구,"190,089","53,502","114,064","5,104","15,052",11,"1,137","1,219"
2018.09,양천구,"158,748","60,966","86,850","2,893","4,069",5,"1,064","2,902"
2018.09,강서구,"224,726","76,887","117,043","3,754","23,731",561,"1,333","1,417"
2018.09,구로구,"162,145","53,717","73,068","2,801","30,320",21,886,"1,332"
2018.09,금천구,"139,985","29,560","83,406","1,326","23,815",20,724,"1,134"
2018.09,영등포구,"236,532","54,601","150,618","2,293","20,252",3,"1,454","7,311"
2018.09,동작구,"117,661","48,778","55,971","6,632","4,825",2,743,709
2018.09,관악구,"159,802","63,139","73,272","18,167","3,802",7,979,435
2018.09,서초구,"300,239","63,109","184,841","4,786","41,065",268,"2,007","4,162"
2018.09,강남구,"406,812","81,334","293,296","4,342","19,805",72,"1,891","6,072"
2018.09,송파구,"261,596","88,660","143,948","4,879","17,945",225,"1,516","4,423"
2018.09,강동구,"133,637","49,796","65,611","2,640","14,323",112,782,372
2018.1,합계,"3,320,082","1,000,841","1,778,142","107,535","383,642","1,181","27,348","21,394"
2018.1,종로구,"118,776","18,568","85,751","6,547","5,278",2,825,"1,805"
2018.1,중구,"172,923","14,641","135,481","2,948","16,687",-,"1,177","1,988"
2018.1,용산구,"99,823","29,119","56,575","3,485","8,326",-,"1,181","1,136"
2018.1,성동구,"157,582","31,919","49,100","5,122","70,357",0,974,109
2018.1,광진구,"116,446","34,379","43,799","5,548","31,293",10,856,561
2018.1,동대문구,"101,259","37,491","43,950","5,868","12,768",3,923,256
2018.1,중랑구,"78,673","38,473","32,183","1,399","5,471",24,944,179
2018.1,성북구,"100,058","42,676","37,266","10,868","7,395",7,"1,181",664
2018.1,강북구,"65,268","29,713","28,775","1,415","4,521",8,531,306
2018.1,도봉구,"62,725","31,755","23,696","1,734","4,780",21,557,182
2018.1,노원구,"107,098","49,668","42,831","7,157","5,998",27,"1,178",239
2018.1,은평구,"100,588","46,383","36,209","1,999","14,965",8,766,256
2018.1,서대문구,"88,956","32,288","40,337","12,586","2,590",1,752,402
2018.1,마포구,"150,766","41,342","91,935","3,930","11,713",9,"1,231",606
2018.1,양천구,"123,987","46,162","70,213","1,984","3,132",4,"1,145","1,347"
2018.1,강서구,"182,268","59,473","94,579","2,188","22,974",455,"1,428","1,170"
2018.1,구로구,"130,005","42,467","57,332","1,899","26,990",16,942,357
2018.1,금천구,"114,210","22,884","69,976",749,"19,237",20,761,583
2018.1,영등포구,"188,853","42,413","122,709","1,503","17,951",3,"1,579","2,696"
2018.1,동작구,"91,703","38,003","43,188","4,851","4,413",2,815,432
2018.1,관악구,"121,821","48,172","55,737","13,379","3,072",6,"1,014",441
2018.1,서초구,"232,956","50,422","141,907","2,969","34,054",223,"2,090","1,291"
2018.1,강남구,"313,262","65,326","222,783","2,532","18,417",57,"2,038","2,109"
2018.1,송파구,"193,494","67,298","101,889","3,286","17,149",188,"1,614","2,071"
2018.1,강동구,"106,583","39,803","49,940","1,589","14,111",89,843,208
2018.11,합계,"3,460,909","1,054,197","1,828,025","127,621","402,654","1,366","29,347","17,700"
2018.11,종로구,"126,600","20,881","89,536","7,470","5,906",2,900,"1,906"
2018.11,중구,"177,104","15,556","137,557","3,906","18,303",-,"1,209",573
2018.11,용산구,"102,191","30,527","57,344","3,912","8,379",-,"1,285",744
2018.11,성동구,"165,842","34,046","51,085","5,768","73,715",0,"1,026",202
2018.11,광진구,"121,278","36,277","44,994","6,414","32,132",12,910,539
2018.11,동대문구,"104,960","38,510","45,033","6,660","13,415",4,986,351
2018.11,중랑구,"82,096","39,780","33,163","1,974","5,857",23,994,305
2018.11,성북구,"107,534","46,041","38,093","12,911","7,877",6,"1,248","1,357"
2018.11,강북구,"68,578","31,728","29,381","1,792","4,605",9,553,510
2018.11,도봉구,"67,613","34,540","24,616","2,243","5,232",23,613,347
2018.11,노원구,"113,445","53,820","43,326","8,811","5,746",28,"1,237",476
2018.11,은평구,"106,239","49,477","37,114","2,626","15,412",8,820,782
2018.11,서대문구,"92,290","33,471","41,085","13,934","2,609",1,804,385
2018.11,마포구,"155,234","43,951","92,829","4,660","11,738",10,"1,353",693
2018.11,양천구,"123,530","48,221","67,823","2,136","3,809",4,"1,253",284
2018.11,강서구,"188,165","60,666","97,862","2,908","23,517",561,"1,542","1,109"
2018.11,구로구,"137,178","43,837","60,126","2,563","29,198",16,"1,029",410
2018.11,금천구,"120,767","24,368","72,575","1,136","21,632",19,783,255
2018.11,영등포구,"191,549","44,452","124,100","1,737","18,041",3,"1,686","1,531"
2018.11,동작구,"95,027","40,161","43,226","5,832","4,388",3,868,550
2018.11,관악구,"127,556","51,056","56,541","14,981","3,201",9,"1,067",702
2018.11,서초구,"240,294","52,575","145,988","3,611","34,984",280,"2,255",601
2018.11,강남구,"330,074","67,456","233,182","3,566","22,079",64,"2,217","1,509"
2018.11,송파구,"204,293","71,261","109,013","3,839","16,989",178,"1,781","1,232"
2018.11,강동구,"111,471","41,541","52,435","2,231","13,889",102,928,345
2018.12,합계,"3,949,238","1,115,941","2,167,398","176,007","435,393","1,430","30,947","22,121"
2018.12,종로구,"148,064","21,966","106,636","9,648","6,167",4,941,"2,703"
2018.12,중구,"204,607","16,729","160,062","5,595","20,394",-,"1,191",637
2018.12,용산구,"116,104","32,681","67,377","5,336","8,683",-,"1,324",703
2018.12,성동구,"183,595","35,985","60,950","7,573","77,583",0,"1,112",393
2018.12,광진구,"136,121","38,512","53,123","8,677","33,983",15,993,818
2018.12,동대문구,"119,120","41,134","53,198","8,722","14,425",6,"1,074",561
2018.12,중랑구,"92,582","42,519","38,931","3,195","6,358",24,"1,093",462
2018.12,성북구,"121,150","48,255","44,591","16,587","8,296",4,"1,343","2,073"
2018.12,강북구,"76,422","33,237","34,549","2,578","4,682",12,604,761
2018.12,도봉구,"74,962","35,842","29,161","3,519","5,257",27,627,529
2018.12,노원구,"127,833","55,858","51,197","12,273","6,411",28,"1,304",763
2018.12,은평구,"116,423","51,750","43,419","4,171","15,331",11,880,862
2018.12,서대문구,"105,565","35,777","47,942","17,641","2,751",2,867,586
2018.12,마포구,"180,884","47,330","110,085","6,557","14,581",8,"1,384",938
2018.12,양천구,"133,174","50,695","73,973","3,300","3,559",6,"1,271",370
2018.12,강서구,"215,526","64,675","117,357","4,597","25,486",398,"1,623","1,391"
2018.12,구로구,"161,803","47,543","75,491","3,928","33,075",17,"1,167",582
2018.12,금천구,"138,986","25,765","86,082","1,878","24,128",22,840,272
2018.12,영등포구,"217,040","47,965","143,951","2,703","19,282",3,"1,814","1,322"
2018.12,동작구,"106,485","42,204","49,568","8,536","4,409",3,924,842
2018.12,관악구,"140,808","53,150","63,494","18,742","3,297",12,"1,103","1,010"
2018.12,서초구,"271,421","55,490","170,066","5,247","37,157",392,"2,322",746
2018.12,강남구,"390,787","71,566","281,582","5,539","28,161",103,"2,321","1,515"
2018.12,송파구,"242,850","74,996","141,820","5,823","17,404",210,"1,851",746
2018.12,강동구,"126,927","44,316","62,796","3,642","14,537",124,974,538
2019.01,합계,"4,416,889","1,215,960","2,483,535","192,509","464,109","1,766","31,453","27,557"
2019.01,종로구,"165,505","24,161","120,080","10,204","6,684",7,967,"3,403"
2019.01,중구,"224,852","18,270","175,677","5,743","23,073",-,"1,273",816
2019.01,용산구,"130,464","36,269","76,838","5,734","9,336",-,"1,355",931
2019.01,성동구,"201,405","39,924","70,175","8,011","81,595",0,"1,124",577
2019.01,광진구,"150,084","41,927","61,344","8,361","36,412",18,991,"1,031"
2019.01,동대문구,"135,701","45,403","62,833","9,613","16,001",15,"1,062",774
2019.01,중랑구,"104,585","46,440","45,625","3,630","7,198",30,"1,063",599
2019.01,성북구,"136,265","53,203","52,896","17,239","8,966",4,"1,351","2,607"
2019.01,강북구,"87,430","36,469","41,117","3,179","5,043",15,608,999
2019.01,도봉구,"84,271","38,716","34,375","4,248","5,558",37,627,710
2019.01,노원구,"143,438","60,165","60,312","13,782","6,770",30,"1,320","1,059"
2019.01,은평구,"131,762","56,656","52,614","4,584","15,830",11,888,"1,178"
2019.01,서대문구,"116,553","38,879","55,210","17,776","2,988",1,886,813
2019.01,마포구,"201,820","51,664","125,509","6,667","15,368",11,"1,427","1,175"
2019.01,양천구,"150,401","55,210","84,577","4,308","4,510",6,"1,325",465
2019.01,강서구,"239,060","70,421","134,240","5,331","25,984",403,"1,639","1,042"
2019.01,구로구,"180,922","52,098","85,976","4,055","36,920",27,"1,071",775
2019.01,금천구,"154,207","28,344","96,641","2,034","25,982",26,828,352
2019.01,영등포구,"243,014","52,239","162,709","3,433","21,365",4,"1,812","1,453"
2019.01,동작구,"118,557","46,049","56,870","9,070","4,592",3,945,"1,029"
2019.01,관악구,"160,732","58,287","73,301","22,884","3,813",16,"1,135","1,297"
2019.01,서초구,"305,045","60,117","195,367","5,975","39,682",527,"2,428",949
2019.01,강남구,"439,164","75,910","325,880","5,624","27,346",137,"2,392","1,874"
2019.01,송파구,"268,660","80,764","159,642","6,991","18,160",264,"1,929",909
2019.01,강동구,"142,990","48,374","73,727","4,033","14,934",172,"1,007",742
2019.02,합계,"4,127,699","1,181,266","2,277,815","169,269","442,187","1,625","29,458","26,079"
2019.02,종로구,"153,754","22,883","110,318","9,435","6,900",6,903,"3,309"
2019.02,중구,"200,944","17,406","155,304","4,900","21,362",-,"1,233",740
2019.02,용산구,"121,860","35,027","70,288","5,144","9,278",-,"1,263",861
2019.02,성동구,"189,139","39,009","63,858","6,697","77,937",0,"1,057",581
2019.02,광진구,"142,292","40,730","57,276","7,316","35,038",20,923,988
2019.02,동대문구,"128,385","43,912","58,956","8,128","15,668",14,979,727
2019.02,중랑구,"99,793","44,884","43,118","3,131","7,068",31,992,569
2019.02,성북구,"129,623","52,445","49,834","15,092","8,549",4,"1,251","2,449"
2019.02,강북구,"84,050","35,923","38,904","2,695","4,963",14,556,995
2019.02,도봉구,"80,264","37,993","32,090","3,659","5,246",31,574,670
2019.02,노원구,"135,183","58,834","56,086","11,728","6,215",30,"1,269","1,021"
2019.02,은평구,"127,787","55,380","50,191","4,149","16,108",11,813,"1,136"
2019.02,서대문구,"107,678","37,558","50,623","15,060","2,819",1,828,788
2019.02,마포구,"188,733","49,783","114,340","5,763","16,569",10,"1,328",940
2019.02,양천구,"144,020","53,985","80,341","3,753","4,218",6,"1,265",453
2019.02,강서구,"222,174","68,730","121,838","4,901","23,823",381,"1,553",949
2019.02,구로구,"168,903","50,616","77,634","3,707","35,131",26,"1,008",780
2019.02,금천구,"140,113","27,955","85,436","1,906","23,683",23,770,339
2019.02,영등포구,"222,144","49,868","146,361","2,832","19,936",4,"1,712","1,432"
2019.02,동작구,"111,977","45,149","52,806","7,894","4,260",3,872,994
2019.02,관악구,"153,718","57,098","69,557","21,037","3,699",16,"1,038","1,272"
2019.02,서초구,"286,714","57,365","181,896","5,473","38,282",474,"2,308",915
2019.02,강남구,"405,217","72,297","298,414","5,241","25,209",133,"2,251","1,672"
2019.02,송파구,"249,510","79,331","144,070","6,133","17,106",223,"1,811",837
2019.02,강동구,"133,725","47,107","68,278","3,493","13,120",164,901,663
2019.03,합계,"3,582,654","1,033,986","1,954,980","144,792","399,569","1,423","26,870","21,033"
2019.03,종로구,"131,098","20,039","93,294","7,662","6,731",4,807,"2,560"
2019.03,중구,"183,761","15,489","142,744","4,059","19,674",-,"1,120",675
2019.03,용산구,"103,918","30,074","59,416","4,348","8,245",-,"1,132",703
2019.03,성동구,"167,567","33,726","55,113","6,377","70,945",0,982,425
2019.03,광진구,"120,666","35,147","47,257","6,762","29,913",16,862,709
2019.03,동대문구,"110,088","38,365","49,281","7,276","13,667",9,930,559
2019.03,중랑구,"85,109","39,410","35,715","2,521","6,055",23,942,444
2019.03,성북구,"111,605","45,732","41,525","13,143","8,155",3,"1,184","1,864"
2019.03,강북구,"70,727","30,719","31,959","2,231","4,522",11,528,759
2019.03,도봉구,"67,823","32,713","26,364","2,948","4,744",23,508,523
2019.03,노원구,"116,707","51,014","47,583","10,212","5,897",27,"1,179",795
2019.03,은평구,"108,241","48,372","41,204","3,291","13,751",10,756,856
2019.03,서대문구,"95,304","33,073","43,721","14,530","2,672",1,741,567
2019.03,마포구,"163,413","42,938","99,580","5,121","13,951",8,"1,188",625
2019.03,양천구,"129,208","47,658","73,838","2,909","3,326",5,"1,118",354
2019.03,강서구,"195,439","60,652","103,849","3,862","24,376",417,"1,396",886
2019.03,구로구,"146,176","44,327","67,443","3,135","29,668",19,987,596
2019.03,금천구,"123,715","24,356","76,099","1,419","20,807",19,744,271
2019.03,영등포구,"201,886","44,589","132,694","2,282","19,142",5,"1,595","1,579"
2019.03,동작구,"96,632","38,941","45,159","6,758","4,311",3,792,667
2019.03,관악구,"130,688","48,981","59,044","17,429","3,271",13,"1,003",947
2019.03,서초구,"248,582","51,415","156,994","4,462","32,562",374,"2,050",724
2019.03,강남구,"348,301","65,944","252,053","4,115","22,503",107,"1,984","1,594"
2019.03,송파구,"210,193","69,427","116,080","5,223","16,829",192,"1,561",881
2019.03,강동구,"115,809","40,884","56,970","2,717","13,854",131,781,473
2019.04,합계,"3,591,552","1,080,013","1,913,748","140,164","408,217","1,353","25,853","22,204"
2019.04,종로구,"132,294","20,571","93,422","7,882","7,096",5,781,"2,538"
2019.04,중구,"181,408","15,778","139,768","3,603","19,883",-,"1,163","1,213"
2019.04,용산구,"104,579","31,470","58,413","4,349","8,441",-,"1,136",770
2019.04,성동구,"170,525","35,320","53,418","5,959","74,591",0,917,319
2019.04,광진구,"123,399","37,135","47,023","6,142","31,560",16,801,723
2019.04,동대문구,"110,139","39,871","47,828","6,983","14,148",8,847,454
2019.04,중랑구,"85,879","40,784","35,321","2,501","5,995",22,861,395
2019.04,성북구,"112,984","48,236","40,597","13,130","8,335",5,"1,102","1,578"
2019.04,강북구,"71,675","32,381","31,343","2,227","4,595",9,484,635
2019.04,도봉구,"69,294","34,486","25,922","2,923","5,010",27,489,437
2019.04,노원구,"117,594","53,927","46,323","9,859","5,708",30,"1,144",603
2019.04,은평구,"111,699","50,799","41,494","3,248","14,686",12,697,762
2019.04,서대문구,"94,894","34,341","43,048","13,504","2,777",1,671,553
2019.04,마포구,"162,296","44,844","96,350","4,788","14,280",8,"1,155",870
2019.04,양천구,"130,333","49,742","72,489","3,030","3,550",7,"1,121",393
2019.04,강서구,"196,339","63,425","101,819","4,012","24,367",418,"1,383",913
2019.04,구로구,"145,262","46,441","65,118","2,907","29,289",18,897,592
2019.04,금천구,"121,880","25,314","73,142","1,380","21,051",16,713,264
2019.04,영등포구,"199,689","45,483","129,371","2,388","18,909",4,"1,479","2,055"
2019.04,동작구,"98,751","41,218","45,480","6,276","4,464",3,740,572
2019.04,관악구,"133,328","52,000","59,231","16,896","3,361",13,984,843
2019.04,서초구,"248,478","52,786","153,212","4,448","34,617",350,"2,057","1,008"
2019.04,강남구,"340,424","67,079","244,699","4,125","20,525",82,"1,913","2,003"
2019.04,송파구,"212,593","73,335","113,860","4,946","17,416",178,"1,545","1,312"
2019.04,강동구,"115,816","43,248","55,055","2,657","13,561",122,773,400
2019.05,합계,"3,419,987","1,005,639","1,848,015","114,225","390,954","1,264","23,838","36,053"
2019.05,종로구,"126,808","19,157","90,325","6,730","6,192",1,723,"3,680"
2019.05,중구,"185,450","14,808","143,623","3,218","17,779",-,"1,105","4,917"
2019.05,용산구,"100,159","29,300","56,754","3,744","8,011",-,"1,047","1,304"
2019.05,성동구,"162,034","32,688","51,018","5,626","71,600",3,866,234
2019.05,광진구,"118,488","34,343","45,542","5,940","30,319",15,756,"1,573"
2019.05,동대문구,"101,360","36,708","44,148","6,066","13,184",6,768,480
2019.05,중랑구,"78,787","37,884","32,845","1,614","5,247",21,805,370
2019.05,성북구,"104,095","44,693","37,612","11,601","8,106",5,"1,029","1,050"
2019.05,강북구,"65,345","29,780","28,909","1,607","4,181",6,452,409
2019.05,도봉구,"63,330","31,814","24,183","1,885","4,690",21,451,286
2019.05,노원구,"108,543","49,696","43,941","7,535","5,817",27,"1,077",451
2019.05,은평구,"103,399","47,087","38,579","2,146","14,346",15,622,604
2019.05,서대문구,"91,598","32,159","42,080","13,342","2,672",1,620,726
2019.05,마포구,"157,506","41,641","93,789","4,174","16,192",8,"1,038",665
2019.05,양천구,"123,568","46,537","70,078","2,097","3,295",5,991,564
2019.05,강서구,"185,187","59,000","96,596","2,717","23,749",476,"1,292","1,357"
2019.05,구로구,"138,874","43,178","63,562","2,035","28,144",17,851,"1,087"
2019.05,금천구,"117,327","23,435","72,699",884,"19,349",13,677,270
2019.05,영등포구,"198,014","42,851","128,832","1,534","18,453",3,"1,361","4,980"
2019.05,동작구,"93,097","38,420","43,730","5,193","4,589",2,672,491
2019.05,관악구,"121,799","47,914","55,791","13,493","3,115",8,925,553
2019.05,서초구,"236,129","49,819","144,908","3,269","33,980",265,"1,905","1,983"
2019.05,강남구,"323,331","64,143","232,882","2,719","17,273",58,"1,730","4,526"
2019.05,송파구,"207,195","68,329","113,952","3,319","17,127",193,"1,375","2,900"
2019.05,강동구,"108,562","40,257","51,636","1,738","13,543",96,700,593
2019.06,합계,"3,676,047","1,044,560","2,025,575","127,547","405,694","1,257","22,717","48,696"
2019.06,종로구,"138,047","20,278","98,303","7,826","6,372",1,691,"4,576"
2019.06,중구,"201,646","15,576","155,741","3,672","18,332",-,"1,088","7,238"
2019.06,용산구,"110,437","31,232","63,665","4,360","8,366",-,979,"1,835"
2019.06,성동구,"170,563","33,876","55,874","6,201","73,549",6,832,225
2019.06,광진구,"128,539","35,999","50,817","6,677","31,900",13,710,"2,423"
2019.06,동대문구,"109,559","38,600","49,168","6,658","13,902",4,724,504
2019.06,중랑구,"83,478","38,794","36,367","1,764","5,351",24,770,408
2019.06,성북구,"110,723","45,749","41,343","13,268","8,503",5,964,892
2019.06,강북구,"69,030","30,418","31,891","1,726","4,305",4,418,268
2019.06,도봉구,"66,718","32,385","26,764","2,012","4,857",20,426,254
2019.06,노원구,"114,754","50,808","48,210","8,257","5,887",27,"1,017",547
2019.06,은평구,"109,220","48,053","42,487","2,479","15,012",16,588,585
2019.06,서대문구,"98,029","33,250","46,201","14,630","2,779",1,585,583
2019.06,마포구,"171,493","44,541","101,627","4,595","18,649",9,990,"1,082"
2019.06,양천구,"128,790","47,649","73,520","2,125","3,521",7,929,"1,039"
2019.06,강서구,"196,949","60,979","106,012","3,050","23,599",507,"1,220","1,583"
2019.06,구로구,"147,273","43,995","69,342","2,289","29,105",18,831,"1,692"
2019.06,금천구,"124,758","24,083","77,823",977,"20,438",11,652,774
2019.06,영등포구,"210,949","44,657","137,883","1,640","18,526",3,"1,301","6,940"
2019.06,동작구,"100,679","40,201","48,410","6,105","4,728",2,630,602
2019.06,관악구,"130,639","50,102","61,539","14,527","3,123",6,892,450
2019.06,서초구,"257,051","52,411","160,137","3,839","35,330",227,"1,884","3,222"
2019.06,강남구,"355,917","68,048","259,408","3,203","17,293",54,"1,638","6,273"
2019.06,송파구,"224,049","71,037","125,536","3,663","18,283",202,"1,300","4,029"
2019.06,강동구,"116,756","41,841","57,507","2,002","13,981",92,659,675
2019.07,합계,"4,146,986","1,156,463","2,312,486","145,424","439,556","1,348","22,109","69,601"
2019.07,종로구,"158,911","22,920","113,573","8,631","6,404",1,676,"6,707"
2019.07,중구,"234,579","18,019","180,950","4,118","20,213",-,"1,057","10,221"
2019.07,용산구,"126,276","35,267","73,015","4,866","9,242",-,946,"2,940"
2019.07,성동구,"186,122","36,737","63,880","7,152","77,211",6,809,326
2019.07,광진구,"145,593","40,407","57,677","7,293","36,154",12,699,"3,351"
2019.07,동대문구,"121,931","42,128","55,325","7,487","15,577",4,725,686
2019.07,중랑구,"92,725","42,769","40,663","2,092","5,837",24,761,579
2019.07,성북구,"119,783","48,493","46,001","14,380","8,948",5,960,995
2019.07,강북구,"75,634","32,563","35,724","2,091","4,563",4,417,273
2019.07,도봉구,"73,759","35,197","30,280","2,398","5,130",21,409,324
2019.07,노원구,"126,877","55,369","54,416","9,064","6,279",28,992,730
2019.07,은평구,"118,866","51,747","47,261","3,068","15,500",13,584,692
2019.07,서대문구,"111,166","37,126","52,927","16,774","2,948",1,569,821
2019.07,마포구,"193,475","49,918","115,015","5,161","20,319",9,958,"2,095"
2019.07,양천구,"141,934","52,152","80,414","2,676","3,673",6,884,"2,128"
2019.07,강서구,"221,562","66,903","121,314","3,822","25,585",577,"1,160","2,201"
2019.07,구로구,"165,420","48,467","80,477","2,763","30,724",19,805,"2,165"
2019.07,금천구,"143,386","26,435","91,148","1,261","22,746",12,640,"1,144"
2019.07,영등포구,"245,072","50,736","160,625","2,107","20,662",3,"1,257","9,682"
2019.07,동작구,"111,897","44,113","54,355","6,741","5,176",2,617,894
2019.07,관악구,"143,415","54,471","68,310","15,981","3,345",6,884,418
2019.07,서초구,"290,922","59,413","180,654","4,309","39,717",227,"1,825","4,777"
2019.07,강남구,"413,986","80,679","299,341","3,992","19,603",56,"1,593","8,722"
2019.07,송파구,"252,030","77,708","143,971","4,578","18,621",222,"1,252","5,678"
2019.07,강동구,"131,664","46,725","65,169","2,617","15,379",92,631,"1,051"
2019.08,합계,"4,897,882","1,543,964","2,620,546","147,075","483,675","1,488","23,078","78,056"
2019.08,종로구,"179,803","29,493","126,149","9,304","6,859",1,719,"7,278"
2019.08,중구,"257,048","23,644","195,442","4,203","21,621",-,"1,072","11,066"
2019.08,용산구,"150,937","48,258","82,792","4,970","10,606",-,"1,011","3,300"
2019.08,성동구,"217,964","49,235","72,406","7,222","87,840",7,811,442
2019.08,광진구,"175,129","54,907","66,970","7,361","41,423",12,723,"3,732"
2019.08,동대문구,"147,213","55,794","64,470","7,722","17,728",4,742,753
2019.08,중랑구,"115,268","57,026","47,885","1,917","7,041",25,780,594
2019.08,성북구,"145,253","64,693","53,912","15,061","9,518",6,"1,002","1,063"
2019.08,강북구,"93,921","43,687","42,287","2,027","5,179",4,439,297
2019.08,도봉구,"90,933","46,799","35,560","2,201","5,595",20,433,324
2019.08,노원구,"153,442","72,665","62,763","9,413","6,782",28,999,793
2019.08,은평구,"148,691","69,731","56,124","2,806","18,576",18,622,814
2019.08,서대문구,"130,789","48,852","60,117","17,102","3,095",2,606,"1,016"
2019.08,마포구,"226,106","67,210","129,193","5,020","21,066",10,"1,018","2,589"
2019.08,양천구,"169,700","69,210","89,882","2,424","4,370",6,938,"2,870"
2019.08,강서구,"261,855","89,952","137,493","3,533","26,498",608,"1,236","2,536"
2019.08,구로구,"193,342","64,502","90,377","2,436","32,861",24,790,"2,352"
2019.08,금천구,"163,844","35,449","100,649","1,095","24,646",17,632,"1,356"
2019.08,영등포구,"279,006","66,576","176,876","1,895","21,737",3,"1,291","10,629"
2019.08,동작구,"136,718","59,894","62,551","7,040","5,410",3,650,"1,170"
2019.08,관악구,"178,204","73,882","80,787","18,364","3,792",9,908,462
2019.08,서초구,"343,969","79,465","207,574","4,146","44,908",273,"1,931","5,673"
2019.08,강남구,"481,722","105,232","341,176","3,292","20,415",66,"1,699","9,843"
2019.08,송파구,"298,427","104,192","161,851","4,326","20,416",240,"1,351","6,051"
2019.08,강동구,"158,594","63,617","75,258","2,198","15,693",102,675,"1,051"
2019.09,합계,"4,305,561","1,317,723","2,307,415","148,901","448,940","1,457","24,744","56,381"
2019.09,종로구,"156,745","24,800","110,011","9,002","7,012",1,767,"5,153"
2019.09,중구,"222,574","19,056","169,227","4,042","21,208",-,"1,111","7,930"
2019.09,용산구,"130,873","40,088","72,425","5,153","9,952",-,"1,078","2,178"
2019.09,성동구,"197,120","45,036","64,014","6,759","80,082",7,876,346
2019.09,광진구,"152,909","45,931","58,220","7,203","38,178",12,783,"2,582"
2019.09,동대문구,"133,083","49,684","58,446","6,829","16,785",4,817,518
2019.09,중랑구,"101,696","48,362","42,929","2,248","6,765",30,847,515
2019.09,성북구,"133,749","58,958","49,455","14,544","8,911",6,"1,093",783
2019.09,강북구,"84,709","38,360","38,386","2,124","5,076",4,475,285
2019.09,도봉구,"79,525","38,871","31,996","2,452","5,476",22,465,243
2019.09,노원구,"135,302","60,869","56,758","9,580","6,485",26,"1,058",526
2019.09,은평구,"133,333","60,809","51,060","3,290","16,690",20,677,786
2019.09,서대문구,"113,420","40,461","52,996","15,705","2,967",1,654,635
2019.09,마포구,"197,855","56,211","114,835","5,035","18,907",9,"1,093","1,766"
2019.09,양천구,"157,790","61,222","86,108","2,808","3,915",7,"1,000","2,729"
2019.09,강서구,"233,180","79,071","121,015","4,032","25,211",577,"1,321","1,954"
2019.09,구로구,"168,738","56,564","76,633","2,940","30,591",23,868,"1,118"
2019.09,금천구,"141,312","30,151","85,902","1,321","22,128",22,664,"1,124"
2019.09,영등포구,"240,942","55,841","153,854","2,150","19,891",3,"1,389","7,814"
2019.09,동작구,"119,625","51,162","55,247","6,918","4,899",9,699,692
2019.09,관악구,"159,908","63,509","73,081","18,286","3,617",7,961,447
2019.09,서초구,"301,352","65,515","183,175","4,641","41,565",282,"2,018","4,157"
2019.09,강남구,"411,760","84,273","294,852","4,218","19,679",59,"1,830","6,848"
2019.09,송파구,"260,691","89,962","141,011","4,917","18,603",222,"1,475","4,501"
2019.09,강동구,"137,368","52,957","65,781","2,705","14,347",102,725,751
2019.1,합계,"3,568,257","1,049,770","1,935,454","121,536","402,760","1,254","26,565","30,918"
2019.1,종로구,"130,003","20,051","93,118","7,323","5,962",1,821,"2,729"
2019.1,중구,"187,653","15,471","145,909","3,211","18,116",-,"1,093","3,852"
2019.1,용산구,"105,764","31,091","59,281","4,203","8,676",-,"1,149","1,364"
2019.1,성동구,"167,558","34,247","53,816","5,591","72,784",6,935,179
2019.1,광진구,"121,938","35,786","47,325","5,939","31,373",15,863,638
2019.1,동대문구,"107,665","39,007","46,996","6,896","13,594",5,907,260
2019.1,중랑구,"82,328","38,865","34,887","1,686","5,732",22,910,226
2019.1,성북구,"109,149","46,787","40,260","12,239","7,951",5,"1,296",610
2019.1,강북구,"68,565","30,596","30,963","1,647","4,567",4,534,256
2019.1,도봉구,"65,350","32,053","25,890","1,987","4,739",17,506,159
2019.1,노원구,"112,929","50,471","46,744","7,886","6,371",26,"1,114",317
2019.1,은평구,"108,377","48,391","41,470","2,364","14,806",16,745,585
2019.1,서대문구,"94,558","33,253","44,071","13,526","2,683",1,716,308
2019.1,마포구,"166,205","44,224","98,880","4,238","16,814",9,"1,168",872
2019.1,양천구,"132,451","47,873","75,866","2,377","3,703",5,"1,058","1,568"
2019.1,강서구,"195,920","62,159","102,256","2,968","25,247",500,"1,418","1,372"
2019.1,구로구,"139,932","44,830","63,578","2,176","28,001",18,932,397
2019.1,금천구,"122,014","24,278","75,389",930,"20,016",18,704,679
2019.1,영등포구,"201,711","44,795","131,184","1,657","18,284",2,"1,491","4,297"
2019.1,동작구,"98,231","40,704","46,163","5,569","4,586",20,765,424
2019.1,관악구,"129,524","50,303","59,886","14,763","3,141",7,993,431
2019.1,서초구,"248,483","52,200","152,940","3,677","34,902",234,"2,078","2,452"
2019.1,강남구,"341,156","68,472","245,320","2,929","18,845",49,"1,958","3,583"
2019.1,송파구,"215,979","70,682","119,117","3,790","17,532",193,"1,570","3,094"
2019.1,강동구,"114,814","43,180","54,147","1,965","14,335",81,840,266
2019.11,합계,"3,481,097","1,060,334","1,849,036","125,886","399,466","1,387","28,476","16,512"
2019.11,종로구,"125,769","20,033","90,242","7,301","5,682",1,885,"1,625"
2019.11,중구,"176,338","15,546","137,585","3,823","17,658",-,"1,097",629
2019.11,용산구,"101,369","31,035","55,965","4,063","8,350",-,"1,223",733
2019.11,성동구,"164,819","33,666","52,201","5,682","72,108",6,986,169
2019.11,광진구,"120,058","36,058","45,131","6,518","30,580",21,905,846
2019.11,동대문구,"104,152","38,786","44,389","6,384","13,356",7,969,260
2019.11,중랑구,"81,706","39,705","33,367","1,838","5,555",22,989,230
2019.11,성북구,"108,261","46,792","38,209","13,004","7,877",4,"1,345","1,030"
2019.11,강북구,"68,157","31,398","29,662","1,698","4,382",4,627,385
2019.11,도봉구,"66,274","33,563","24,935","2,066","4,855",19,550,286
2019.11,노원구,"113,638","52,781","44,564","8,490","6,167",28,"1,201",407
2019.11,은평구,"107,302","49,102","39,049","2,480","15,177",16,801,677
2019.11,서대문구,"93,232","33,810","41,742","13,974","2,625",1,780,300
2019.11,마포구,"157,675","44,519","93,948","4,595","12,589",9,"1,274",741
2019.11,양천구,"126,945","49,024","70,879","2,081","3,489",6,"1,156",312
2019.11,강서구,"191,940","61,479","98,381","3,151","25,854",548,"1,520","1,006"
2019.11,구로구,"140,736","45,443","62,085","2,669","29,224",17,974,323
2019.11,금천구,"121,593","24,710","74,640","1,126","20,058",19,736,305
2019.11,영등포구,"192,012","44,841","124,630","1,549","17,764",2,"1,609","1,617"
2019.11,동작구,"96,137","40,865","43,763","5,840","4,370",21,833,447
2019.11,관악구,"126,655","50,537","56,883","14,646","2,965",8,"1,029",587
2019.11,서초구,"240,432","52,209","145,862","3,542","35,540",284,"2,231",763
2019.11,강남구,"333,967","67,962","236,780","3,380","22,124",49,"2,126","1,547"
2019.11,송파구,"207,612","71,872","111,880","3,752","17,109",202,"1,733","1,065"
2019.11,강동구,"114,320","44,600","52,263","2,236","14,009",92,900,221
2019.12,합계,"3,952,596","1,124,991","2,164,973","181,675","429,054","1,536","29,594","20,774"
2019.12,종로구,"147,817","21,855","106,536","9,780","6,223",3,904,"2,514"
2019.12,중구,"204,482","16,882","160,342","5,387","20,284",-,"1,050",536
2019.12,용산구,"115,339","33,553","65,694","5,514","8,641",-,"1,263",673
2019.12,성동구,"183,083","35,613","62,596","7,518","75,903",5,"1,058",390
2019.12,광진구,"134,306","38,281","52,723","8,574","32,994",24,972,738
2019.12,동대문구,"119,411","41,404","53,151","8,900","14,396",11,"1,039",510
2019.12,중랑구,"92,753","42,408","39,364","3,365","6,129",28,"1,066",393
2019.12,성북구,"122,915","49,457","44,774","16,993","8,488",4,"1,304","1,894"
2019.12,강북구,"76,923","33,194","35,082","2,753","4,590",5,597,702
2019.12,도봉구,"74,846","35,437","29,541","3,770","4,989",27,578,503
2019.12,노원구,"128,844","55,450","52,142","12,745","6,433",31,"1,252",791
2019.12,은평구,"119,054","52,254","45,280","4,383","15,362",17,859,898
2019.12,서대문구,"106,356","36,217","48,454","17,484","2,798",1,830,572
2019.12,마포구,"180,549","47,294","110,602","6,405","13,906",9,"1,312","1,021"
2019.12,양천구,"137,821","51,211","77,187","3,516","4,383",6,"1,203",317
2019.12,강서구,"218,635","64,668","117,380","5,353","28,310",399,"1,587",939
2019.12,구로구,"159,613","48,214","73,636","4,211","31,882",21,"1,077",573
2019.12,금천구,"138,849","26,247","86,819","2,069","22,659",24,780,252
2019.12,영등포구,"217,733","48,668","143,869","2,828","19,244",3,"1,699","1,421"
2019.12,동작구,"107,141","42,635","49,923","8,703","4,302",23,880,676
2019.12,관악구,"142,089","53,082","63,921","19,864","3,207",13,"1,055",946
2019.12,서초구,"272,054","55,210","170,931","5,558","36,923",409,"2,305",718
2019.12,강남구,"391,715","72,478","284,675","5,645","25,212",82,"2,181","1,442"
2019.12,송파구,"230,303","75,117","128,352","6,448","17,408",252,"1,773",952
2019.12,강동구,"129,965","48,163","61,996","3,905","14,388",140,970,402
